,社區簡稱,區段地,區段.._1,result_num,status,formatted_,place_id,location_t,latlong,Access,optional,geometry,geometry,交通可達性
1,鳳凰花園,新北市新莊區忠孝里11鄰中正路340巷,新北市新莊區忠孝里11鄰中正路340巷1號,0,OK,"Lane 340, Zhongzheng Rd, Xinzhuang District, New Taipei City, Taiwan 242",EkhMYW5lIDM0MCwgWmhvbmd6aGVuZyBSZCwgWGluemh1YW5nIERpc3RyaWN0LCBOZXcgVGFpcGVpIENpdHksIFRhaXdhbiAyNDIiLiosChQKEgkH6-WM36dCNBF4kaMj9Vo9KRIUChIJP7vFDN-nQjQRDpdo4EJ3Sx4,GEOMETRIC_CENTER,"25.0354599,121.4450141",0,TRUE,c(121.4450141, 25.03546),0
2,群光之星,新北市三重區頂崁里1鄰神農街363號,新北市三重區頂崁里1鄰神農街363號2樓,0,OK,"No. 363號, Shennong St, Sanchong District, New Taipei City, Taiwan 241",ChIJG_E9bXepQjQRSOMyX3TVj3g,ROOFTOP,"25.055712,121.474555",0,TRUE,c(121.474555, 25.055712),0
3,新潤心城,新北市土城區柑林里15鄰金城路二段156號,新北市土城區柑林里15鄰金城路二段156號,0,OK,"No. 156, Section 2, Jincheng Rd, Tucheng District, New Taipei City, Taiwan 236",Ek5Oby4gMTU2LCBTZWN0aW9uIDIsIEppbmNoZW5nIFJkLCBUdWNoZW5nIERpc3RyaWN0LCBOZXcgVGFpcGVpIENpdHksIFRhaXdhbiAyMzYiMRIvChQKEgl7MQ4dzwJoNBHx7tC_eDuggRCcASoUChIJiUJ5bc8CaDQRxQ3wA2tDLRU,RANGE_INTERPOLATED,"24.9814095,121.4547214",0,TRUE,c(121.4547214, 24.9814095),0
4,晶寶遇見幸福,新北市三重區永德里27鄰國道路一段18號,新北市三重區永德里27鄰國道路一段18號,0,OK,"No. 18, Section 1, Guodao Rd, Sanchong District, New Taipei City, Taiwan 241",ChIJ3yMme9moQjQRr_DU8Qf9zFw,ROOFTOP,"25.0733388,121.4861263",0,TRUE,c(121.4861263, 25.0733388),1
5,金城舞2-都心花園,新北市土城區學士路86號,新北市土城區學士路86號,0,OK,"No. 86, Xueshi Rd, Tucheng District, New Taipei City, Taiwan 236",ChIJS1BX3M0CaDQRGLF31Ri7-sQ,ROOFTOP,"24.9803465,121.450742",0,TRUE,c(121.450742, 24.9803465),0
6,旺洲極品,新北市林口區湖南里10鄰四維路1號,新北市林口區湖南里10鄰四維路1號,0,OK,"No. 1, Siwei Rd, Linkou District, New Taipei City, Taiwan 244",ChIJtwZLGd2mQjQRZIahJBlJjfE,ROOFTOP,"25.0800871,121.3747067",0,TRUE,c(121.3747067, 25.0800871),0
7,全陽大璽,新北市新店區中山里1鄰中央路20號,新北市新店區中山里1鄰中央路20號,0,OK,"No. 20, Zhongyang Rd, Xindian District, New Taipei City, Taiwan 231",ChIJ_9y55hwCaDQRTJt657MgASc,ROOFTOP,"24.978931,121.533761",0,TRUE,c(121.533761, 24.978931),0
8,日勝幸福站A2區,新北市板橋區中山里24鄰合安一路21號,新北市板橋區中山里24鄰合安一路21號,0,OK,"No. 21號, Hean 1st Rd, Banqiao District, New Taipei City, Taiwan 220",ChIJvabTqiQDaDQRvFAT86dUTlk,ROOFTOP,"24.9997663,121.4472614",0,TRUE,c(121.4472614, 24.9997663),0
9,日勝幸福站A3區,新北市板橋區中山里27鄰合宜路69號,新北市板橋區中山里27鄰合宜路69號,0,OK,"D, No. 69, Heyi Rd, Banqiao District, New Taipei City, Taiwan 220",ChIJQ_2qPLMCaDQRLIS8CBj8I2g,ROOFTOP,"24.9975695,121.4470909",0,TRUE,c(121.4470909, 24.9975695),0
10,日勝幸福站A6區,新北市板橋區福安里2鄰合宜路1號,新北市板橋區福安里2鄰合宜路1號,0,OK,"No. 1, Heyi Rd, Banqiao District, New Taipei City, Taiwan 220",ChIJX8cnqz8DaDQRso_5LQJ_sTQ,ROOFTOP,"24.9958776,121.445746",0,TRUE,c(121.445746, 24.9958776),0
11,Hi台北,新北市八里區訊塘里12鄰商港三路85號,新北市八里區訊塘里12鄰商港三路85號,0,OK,"No. 85, Shanggang 3rd Rd, Bali District, New Taipei City, Taiwan 249",EkROby4gODUsIFNoYW5nZ2FuZyAzcmQgUmQsIEJhbGkgRGlzdHJpY3QsIE5ldyBUYWlwZWkgQ2l0eSwgVGFpd2FuIDI0OSIwEi4KFAoSCePQ75sBpUI0EQ5ECsaAuKpEEFUqFAoSCQH3U9v_pEI0Ecw8hAVFifBr,RANGE_INTERPOLATED,"25.1532051,121.4017715",0,TRUE,c(121.4017715, 25.1532051),0
12,丰華城心,新北市淡水區新義里11鄰大信街68號,新北市淡水區新義里11鄰大信街68號,0,OK,"No. 68, Daxin St, Tamsui District, New Taipei City, Taiwan 251",Ej5Oby4gNjgsIERheGluIFN0LCBUYW1zdWkgRGlzdHJpY3QsIE5ldyBUYWlwZWkgQ2l0eSwgVGFpd2FuIDI1MSIwEi4KFAoSCcWSoKFWpUI0EZ43eDb1augREEQqFAoSCZ3LlptWpUI0EbTLs-pJLsQp,RANGE_INTERPOLATED,"25.1772649,121.4412485",0,TRUE,c(121.4412485, 25.1772649),0
13,九昱希爾登,新北市新店區中山里1鄰央北一路170號,新北市新店區中山里1鄰央北一路170號2樓,0,OK,"No. 170, Yangbei 1st Rd, Xindian District, New Taipei City, Taiwan 231",EkZOby4gMTcwLCBZYW5nYmVpIDFzdCBSZCwgWGluZGlhbiBEaXN0cmljdCwgTmV3IFRhaXBlaSBDaXR5LCBUYWl3YW4gMjMxIjESLwoUChIJF2zqdBoCaDQR6kVTdoKBP9AQqgEqFAoSCb_WplIZAmg0Ectl2TbfKYVI,RANGE_INTERPOLATED,"24.9783067,121.5259897",0,TRUE,c(121.5259897, 24.9783067),0
14,亞昕昕悅灣,新北市三重區疏洪東路一段57號,新北市三重區疏洪東路一段57號3樓,0,OK,"No. 57-68, Section 1, Shuiyang Rd, Sanchong District, New Taipei City, Taiwan 241",ChIJvVy1qP6oQjQR722krGoVyvc,ROOFTOP,"25.0496336,121.4862313",0,TRUE,c(121.4862313, 25.0496336),0
15,力璞立,新北市三重區福祉里20鄰重新路四段153號,新北市三重區福祉里20鄰重新路四段153號2樓,0,OK,"No. 135-153號, Section 4, Chongxin Rd, Sanchong District, New Taipei City, Taiwan 241",ChIJE__eefuoQjQRzn2fGfeIXZs,ROOFTOP,"25.0532512,121.4849047",0,TRUE,c(121.4849047, 25.0532512),1
16,勝輝V1,新北市板橋區挹秀里8鄰府中路18號,新北市板橋區挹秀里8鄰府中路18號,0,OK,"No. 18, Fuzhong Rd, Banqiao District, New Taipei City, Taiwan 220",ChIJm2s_oB2oQjQR-ikmBoZWtNs,ROOFTOP,"25.0098286,121.4600229",0,TRUE,c(121.4600229, 25.0098286),1
17,啟昇玉鼎,新北市三重區光正里22鄰中正南路233號,新北市三重區光正里22鄰中正南路233號,0,OK,"No. 233, Zhongzheng S Rd, Sanchong District, New Taipei City, Taiwan 241",ChIJJe_oNB2pQjQRHThDQM-vqvA,ROOFTOP,"25.0538756,121.4929676",0,TRUE,c(121.4929676, 25.0538756),0
18,四季平安,新北市土城區青和街333號,新北市土城區青和街333號,0,OK,"236, Taiwan, New Taipei City, Tucheng District, 青和街333號",ChIJ8R7jC9YDaDQRkkfyO0DI9vc,ROOFTOP,"24.979759,121.4575082",0,TRUE,c(121.4575082, 24.979759),0
19,國泰豐格,新北市新店區中山里1鄰中山路10號,新北市新店區中山里1鄰中山路10號2樓,0,OK,"Zhongshan Rd, New Taipei City, Taiwan",ChIJ1aHrAdupQjQRRwfG06jmVWM,GEOMETRIC_CENTER,"25.0057564,121.5061052",0,TRUE,c(121.5061052, 25.0057564),0
20,國美中央新村,新北市新店區中山里1鄰央北一路8號,新北市新店區中山里1鄰央北一路8號2樓,0,OK,"No. 8號, Yangbei 1st Rd, Xindian District, New Taipei City, Taiwan 231",ChIJ_VgWVxkCaDQR4geLrnZAq7E,ROOFTOP,"24.9757197,121.5307112",0,TRUE,c(121.5307112, 24.9757197),1
21,墨濤院,新北市中和區民安里9鄰民安街101號,新北市中和區民安里9鄰民安街101號3樓,0,OK,"9 邻, No. 101, Min'an St, Zhonghe District, New Taipei City, Taiwan 235",Ekg5IOmCuywgTm8uIDEwMSwgTWluJ2FuIFN0LCBaaG9uZ2hlIERpc3RyaWN0LCBOZXcgVGFpcGVpIENpdHksIFRhaXdhbiAyMzUiIRofChYKFAoSCSkBnJqcAmg0ETMLFz5ELj2dEgU5IOmCuw,ROOFTOP,"24.9995966,121.4778772",0,TRUE,c(121.4778772, 24.9995966),0
22,墩璞御極,新北市板橋區社後里2鄰中正路106號,新北市板橋區社後里2鄰中正路106號,0,OK,"No. 106, Zhongzheng Rd, Banqiao District, New Taipei City, Taiwan 220",ChIJT-zgtASoQjQRLtm0vIxYjl0,ROOFTOP,"25.0156053,121.4569331",0,TRUE,c(121.4569331, 25.0156053),0
23,大同莊園,新北市土城區日和里12鄰中央路一段325之2號,新北市土城區日和里12鄰中央路一段325之2號2樓,0,OK,"No. 325, Section 1, Zhongyang Rd, Tucheng District, New Taipei City, Taiwan 236",ChIJWRfd4TIdaDQRZOIaD8KS-GU,ROOFTOP,"24.9830079,121.4439451",0,TRUE,c(121.4439451, 24.9830079),0
24,大隱豐盈海,新北市淡水區八勢里4鄰中正東路二段51號,新北市淡水區八勢里4鄰中正東路二段51號,0,OK,"No. 51, Section 2, Zhongzheng E Rd, Tamsui District, New Taipei City, Taiwan 251",ChIJYzlM55KvQjQR71PtypmQXbk,ROOFTOP,"25.1556524,121.4595051",0,TRUE,c(121.4595051, 25.1556524),1
25,太陽帝國,新北市中和區景平里17鄰安樂路2巷18號,新北市中和區景平里17鄰安樂路2巷18號,0,OK,"No. 18, Lane 2, Anle Rd, Zhonghe District, New Taipei City, Taiwan 235",ChIJTZ_9kHQCaDQREZAPJO1UQJs,ROOFTOP,"24.9917022,121.5122307",0,TRUE,c(121.5122307, 24.9917022),1
26,將捷央旅,新北市新店區中山里1鄰啟文路25號,新北市新店區中山里1鄰啟文路25號2樓,0,OK,"No. 25, Qiwen Rd, Xindian District, New Taipei City, Taiwan 231",Ej9Oby4gMjUsIFFpd2VuIFJkLCBYaW5kaWFuIERpc3RyaWN0LCBOZXcgVGFpcGVpIENpdHksIFRhaXdhbiAyMzEiMBIuChQKEglZpq05GgJoNBFTGk5drbjmuxAZKhQKEgkRZ2SqGwJoNBGLbUgVAO2siQ,RANGE_INTERPOLATED,"24.9776389,121.5274018",0,TRUE,c(121.5274018, 24.9776389),0
27,左岸之王,新北市八里區龍源里23鄰龍米路一段188號,新北市八里區龍源里23鄰龍米路一段188號2樓,0,OK,"No. 188, Section 1, Longmi Rd, Bali District, New Taipei City, Taiwan 249",ChIJ41m9T3uvQjQRjTiH6tfgTyU,ROOFTOP,"25.1276202,121.4521767",0,TRUE,c(121.4521767, 25.1276202),0
28,帝后花園,新北市板橋區中正路151號,新北市板橋區中正路151號2樓,0,OK,"No. 151, Zhongzheng Rd, Banqiao District, New Taipei City, Taiwan 220",ChIJK73lyQSoQjQR3aOK0Vvymds,ROOFTOP,"25.0158333,121.4565369",0,TRUE,c(121.4565369, 25.0158333),0
29,弘暉大苑-大境區,新北市土城區員林里2鄰學士路355號,新北市土城區員林里2鄰學士路355號2樓,0,OK,"No. 355-359號, Xueshi Rd, Tucheng District, New Taipei City, Taiwan 236",ChIJ8_wC59ICaDQRu_6nc3wU3Ug,ROOFTOP,"24.9773919,121.4472147",0,TRUE,c(121.4472147, 24.9773919),1
30,弘暉大苑-大悅區,新北市土城區員林里032鄰學海街297號,新北市土城區員林里032鄰學海街297號,0,OK,"No. 297, Xuehai St, Tucheng District, New Taipei City, Taiwan 236",ChIJ06yxTAkDaDQR34cM9CTYS-o,ROOFTOP,"24.9776725,121.4457038",0,TRUE,c(121.4457038, 24.9776725),1
31,弘暉大苑-大苑區,新北市土城區員林里32鄰學府路二段267號,新北市土城區員林里32鄰學府路二段267號,0,OK,"No. 267, Section 2, Xuefu Rd, Tucheng District, New Taipei City, Taiwan 236",ChIJFzeE1iwdaDQRfACF8IXqNKY,ROOFTOP,"24.9772011,121.4452296",0,TRUE,c(121.4452296, 24.9772011),1
32,德鄰大樓,新北市板橋區溪頭里17鄰長江路二段296號,新北市板橋區溪頭里17鄰長江路二段296號2樓,0,OK,"17 邻, No. 296, Section 2, Changjiang Rd, Banqiao District, New Taipei City, Taiwan 220",ElgxNyDpgrssIE5vLiAyOTYsIFNlY3Rpb24gMiwgQ2hhbmdqaWFuZyBSZCwgQmFucWlhbyBEaXN0cmljdCwgTmV3IFRhaXBlaSBDaXR5LCBUYWl3YW4gMjIwIiIaIAoWChQKEgkV_wwuQqhCNBFQAZIRHoA4HBIGMTcg6YK7,ROOFTOP,"25.0331211,121.4707477",0,TRUE,c(121.4707477, 25.0331211),1
33,忠孝大院,新北市汐止區橋東里003鄰忠孝東路415號,新北市汐止區橋東里003鄰忠孝東路415號2樓,0,OK,"No. 415, Zhongxiao E Rd, Xizhi District, New Taipei City, Taiwan 221",ChIJofSRgQ5TXTQRKXyLyWEdMKQ,ROOFTOP,"25.0713974,121.6657913",0,TRUE,c(121.6657913, 25.0713974),0
34,新濠漾,新北市三重區谷王里14鄰頂文路1號,新北市三重區谷王里14鄰頂文路1號2樓,0,OK,"Dingwen Rd. No. 1 [New Taipei City Bus], Sanchong District, New Taipei City, Taiwan 241",ChIJw8IDu_GoQjQRTdJr0TrnWD4,GEOMETRIC_CENTER,"25.05588,121.47613",0,TRUE,c(121.47613, 25.05588),0
35,日景頂曦,新北市永和區中興里9鄰復興街32巷16號,新北市永和區中興里9鄰復興街32巷16號2樓,0,OK,"Lane 32, Fuxing St, Yonghe District, New Taipei City, Taiwan 234",ChIJ4ct7RuqpQjQRNYIQ032rucI,GEOMETRIC_CENTER,"25.0128334,121.5162266",0,TRUE,c(121.5162266, 25.0128334),1
36,昌興桐樂,新北市土城區員林里15鄰學海街388號,新北市土城區員林里15鄰學海街388號,0,OK,"No. 388, Xuehai St, Tucheng District, New Taipei City, Taiwan 236",ChIJa6o1LS0daDQRvXpNjjJLnmc,ROOFTOP,"24.977875,121.4456064",0,TRUE,c(121.4456064, 24.977875),1
37,泊山石,新北市淡水區八勢里4鄰八勢一街65號,新北市淡水區八勢里4鄰八勢一街65號2樓,0,OK,"No. 65, Bashi 1st St, Tamsui District, New Taipei City, Taiwan 251",ChIJYxYwZpOvQjQRmVwVNUsBXJ4,ROOFTOP,"25.1550303,121.4621105",0,TRUE,c(121.4621105, 25.1550303),1
38,泰舍至善元,新北市新莊區文聖里4鄰中興街1號,新北市新莊區文聖里4鄰中興街1號,0,OK,"No. 1, Zhongxing St, Xinzhuang District, New Taipei City, Taiwan 242",ChIJHzY_T3SoQjQRiuc55v1nqVg,ROOFTOP,"25.0357971,121.4492675",0,TRUE,c(121.4492675, 25.0357971),1
39,海天ABC棟,新北市淡水區八勢里4鄰八勢一街63巷1號,新北市淡水區八勢里4鄰八勢一街63巷1號,0,OK,"No. 1, Lane 63, Bashiyi St, Tamsui District, New Taipei City, Taiwan 251",EkhOby4gMSwgTGFuZSA2MywgQmFzaGl5aSBTdCwgVGFtc3VpIERpc3RyaWN0LCBOZXcgVGFpcGVpIENpdHksIFRhaXdhbiAyNTEiMBIuChQKEgkJO_Bdk69CNBGIvySs3VLDwhABKhQKEgkjbBhek69CNBECd4cCHz_3mQ,RANGE_INTERPOLATED,"25.1552524,121.4624468",0,TRUE,c(121.4624468, 25.1552524),1
40,湯泉如意,新北市淡水區民權里5鄰民族路112巷59號,新北市淡水區民權里5鄰民族路112巷59號2樓,0,OK,"No. 59-71號, Lane 112, Minzu Rd, Tamsui District, New Taipei City, Taiwan 251033",ChIJP_NMaHavQjQRh06B-_zcLKE,ROOFTOP,"25.1336411,121.4614469",0,TRUE,c(121.4614469, 25.1336411),1
41,玖原君邸,新北市中和區連和里5鄰連城路66號,新北市中和區連和里5鄰連城路66號,0,OK,"No. 66, Liancheng Rd, Zhonghe District, New Taipei City, Taiwan 235",ChIJO5v4cNapQjQRYbpNQpY8bI4,ROOFTOP,"25.001553,121.4974994",0,TRUE,c(121.4974994, 25.001553),1
42,筑丰陽陽,新北市汐止區山光里3鄰樟樹二路356號,新北市汐止區山光里3鄰樟樹二路356號,0,OK,"No. 356, Zhangshu 2nd Rd, Xizhi District, New Taipei City, Taiwan 221",EkVOby4gMzU2LCBaaGFuZ3NodSAybmQgUmQsIFhpemhpIERpc3RyaWN0LCBOZXcgVGFpcGVpIENpdHksIFRhaXdhbiAyMjEiMRIvChQKEgk__h6RR1NdNBGx1abTGKd0whDkAioUChIJhS9XZUZTXTQRAZjSFZA4D9E,RANGE_INTERPOLATED,"25.0708434,121.6416116",0,TRUE,c(121.6416116, 25.0708434),0
43,自由室,新北市汐止區新昌里23鄰忠孝東路258巷16弄8號,新北市汐止區新昌里23鄰忠孝東路258巷16弄8號二樓,0,OK,"No. 8, Alley 16, Lane 258, Zhongxiao E Rd, Xizhi District, New Taipei City, Taiwan 221",ElZOby4gOCwgQWxsZXkgMTYsIExhbmUgMjU4LCBaaG9uZ3hpYW8gRSBSZCwgWGl6aGkgRGlzdHJpY3QsIE5ldyBUYWlwZWkgQ2l0eSwgVGFpd2FuIDIyMSIwEi4KFAoSCdWiKE8NU100EaQ46ZyDQOcwEAgqFAoSCU0wnUgNU100EZHAAE2X1PoH,RANGE_INTERPOLATED,"25.0670958,121.6635025",0,TRUE,c(121.6635025, 25.0670958),0
44,誠美學學院,新北市新莊區雙鳳里33鄰新北大道七段419號,新北市新莊區雙鳳里33鄰新北大道七段419號2樓,0,OK,"No. 419-429號, Section 7, New Taipei Blvd, Xinzhuang District, New Taipei City, Taiwan 242",ChIJR_vLNo-nQjQRR0thibWWPFY,ROOFTOP,"25.025167,121.4130962",0,TRUE,c(121.4130962, 25.025167),1
45,證源富品,新北市林口區西林里4鄰中山路97巷12號,新北市林口區西林里4鄰中山路97巷12號,0,OK,"No. 12, Lane 97, Zhongshan Rd, Linkou District, New Taipei City, Taiwan 244",ChIJX7bpCPCmQjQRfDuQgjfitXw,ROOFTOP,"25.0783375,121.3893027",0,TRUE,c(121.3893027, 25.0783375),0
46,遠雄國都,新北市新莊區中原里1鄰新北大道四段205號,新北市新莊區中原里1鄰新北大道四段205號,0,OK,"No. 205, Section 4, New Taipei Blvd, Xinzhuang District, New Taipei City, Taiwan 242",ChIJRVGOiiqmQjQR1kHZqA75JZg,ROOFTOP,"25.0571064,121.4443233",0,TRUE,c(121.4443233, 25.0571064),0
47,遠雄左岸采梅園,新北市中和區中原里7鄰中原二街127號,新北市中和區中原里7鄰中原二街127號3樓,0,OK,"No. 127-137, Zhongyuan 2nd St, Zhonghe District, New Taipei City, Taiwan 235",ChIJI8qoAS6oQjQRZn1bDPLB1KY,ROOFTOP,"25.0129519,121.4853895",0,TRUE,c(121.4853895, 25.0129519),0
48,遠雄左岸香榭園,新北市中和區中原里4鄰中原街2號,新北市中和區中原里4鄰中原街2號,0,OK,"No. 2, Zhongyuan St, Zhonghe District, New Taipei City, Taiwan 235",ChIJ-z88NNOpQjQRl93FRWIzhlY,ROOFTOP,"25.0079004,121.4916186",0,TRUE,c(121.4916186, 25.0079004),1
49,遠雄巴黎公園,新北市新莊區昌平里1鄰新北大道三段49號,新北市新莊區昌平里1鄰新北大道三段49號2樓,0,OK,"No. 49, Section 3, New Taipei Blvd, Xinzhuang District, New Taipei City, Taiwan 242",ChIJG3sa9o2oQjQR1COX-tn_W7A,ROOFTOP,"25.0598292,121.455868",0,TRUE,c(121.455868, 25.0598292),1
50,鐫画,新北市新店區中山里1鄰央北一路28號,新北市新店區中山里1鄰央北一路28號,0,OK,"No. 28號, Yangbei 1st Rd, Xindian District, New Taipei City, Taiwan 231",ChIJDZrcx5MDaDQRPnUarREIqpE,ROOFTOP,"24.9763885,121.5302658",0,TRUE,c(121.5302658, 24.9763885),1
51,陸江聚,新北市蘆洲區中原里27鄰長樂路8號,新北市蘆洲區中原里27鄰長樂路8號,0,OK,"247, Taiwan, New Taipei City, Luzhou District, Changle Rd, 8號陸江聚",ChIJiW59J7eoQjQRvP9iC96wthU,ROOFTOP,"25.0847456,121.4642948",0,TRUE,c(121.4642948, 25.0847456),0
52,集美樹,新北市三重區光正里10鄰環河南路208號,新北市三重區光正里10鄰環河南路208號2樓,0,OK,"No. 208號, Huanhe S Rd, Sanchong District, New Taipei City, Taiwan 241",ChIJ7ffl1QKpQjQRzCIfdkJwfE0,ROOFTOP,"25.0532061,121.4940958",0,TRUE,c(121.4940958, 25.0532061),0
53,雙盈社區,新北市板橋區江翠里17鄰宏國路51號,新北市板橋區江翠里17鄰宏國路51號,0,OK,"No. 51, Hongguo Rd, Banqiao District, New Taipei City, Taiwan 220",ChIJza0DCmqoQjQRFLIdLf_KUkg,ROOFTOP,"25.0319831,121.4686308",0,TRUE,c(121.4686308, 25.0319831),1
54,青水居,新北市三重區光田里7鄰新北大道1段111號,新北市三重區光田里7鄰新北大道1段111號2樓,0,OK,"No. 111, Section 1, New Taipei Blvd, Sanchong District, New Taipei City, Taiwan 241",ChIJw87GouaoQjQRulsiNX3xBVw,ROOFTOP,"25.0613095,121.4840315",0,TRUE,c(121.4840315, 25.0613095),0
55,首泰三陽,新北市三重區光陽里18鄰三陽路160號,新北市三重區光陽里18鄰三陽路160號,0,OK,"No. 160-168號, Sanyang Rd, Sanchong District, New Taipei City, Taiwan 241",ChIJHYRyCeWoQjQRqYSMuo-BkmI,ROOFTOP,"25.058853,121.4817593",0,TRUE,c(121.4817593, 25.058853),1
56,首綻,新北市中和區景新里32鄰和平街40號,新北市中和區景新里32鄰和平街40號,0,OK,"No. 40, Heping St, Zhonghe District, New Taipei City, Taiwan 235",ChIJExiL5nMCaDQRJUjJDOaTrhk,ROOFTOP,"24.9905951,121.5090901",0,TRUE,c(121.5090901, 24.9905951),1
57,馥人灣-一山區,新北市淡水區八勢里3鄰八勢路2巷17號,新北市淡水區八勢里3鄰八勢路2巷17號2樓,0,OK,"No. 17號, Lane 2, Bashi Rd, Tamsui District, New Taipei City, Taiwan 251019",ChIJJ0XDGVuvQjQRkvKIX6po3go,ROOFTOP,"25.1525876,121.4618913",0,TRUE,c(121.4618913, 25.1525876),1
58,馥華原美,新北市板橋區浮洲里21鄰大觀路一段38巷26號,新北市板橋區浮洲里21鄰大觀路一段38巷26號,0,OK,"No. 26, Lane 38, Section 1, Daguan Rd, Banqiao District, New Taipei City, Taiwan 220",ChIJy68wH1MdaDQRgRl8IrbY1zE,ROOFTOP,"25.0044458,121.4452141",0,TRUE,c(121.4452141, 25.0044458),0
59,馥華原鄉,新北市板橋區僑中里13鄰僑中二街118號,新北市板橋區僑中里13鄰僑中二街118號2樓,0,OK,"No. 118, Qiaozhong 2nd St, Banqiao District, New Taipei City, Taiwan 220",ChIJrSo6U1MdaDQRyQko32gruDI,ROOFTOP,"25.0062319,121.4446847",0,TRUE,c(121.4446847, 25.0062319),0
60,鼎吉菲陽,新北市板橋區新翠里4鄰互助街3號,新北市板橋區新翠里4鄰互助街3號,0,OK,"No. 3, Huzhu St, Banqiao District, New Taipei City, Taiwan 220",ChIJVeRZohSoQjQRwI-BcmEnGlU,ROOFTOP,"25.0276972,121.4632744",0,TRUE,c(121.4632744, 25.0276972),1
61,遠雄國都,新北市新莊區中原里1鄰新北大道四段205號,新北市新莊區中原里1鄰新北大道四段205號,0,OK,"No. 205, Section 4, New Taipei Blvd, Xinzhuang District, New Taipei City, Taiwan 242",ChIJRVGOiiqmQjQR1kHZqA75JZg,ROOFTOP,"25.0571064,121.4443233",0,TRUE,c(121.4443233, 25.0571064),0
62,I世紀,新北市三重區田安里3鄰三民街68號,新北市三重區田安里3鄰三民街68號,0,OK,"No. 68, Sanmin St, Sanchong District, New Taipei City, Taiwan 241",ChIJ-QwfzeaoQjQRJY4Lo4REqEo,ROOFTOP,"25.0625374,121.4854974",0,TRUE,c(121.4854974, 25.0625374),0
63,一品匯,新北市蘆洲區水湳里25鄰水湳街389號,新北市蘆洲區水湳里25鄰水湳街389號3樓,0,OK,"No. 389, Shuinan St, Luzhou District, New Taipei City, Taiwan 247",ChIJzYORnzWvQjQR7_zYE96gHp8,ROOFTOP,"25.0938045,121.4698434",0,TRUE,c(121.4698434, 25.0938045),0
64,一森原,新北市淡水區沙崙里2鄰中正路二段34號,新北市淡水區沙崙里2鄰中正路二段34號,0,OK,"No. 34, Section 2, Zhongzheng Rd, Tamsui District, New Taipei City, Taiwan 25155",ChIJIx0ZfjalQjQRjcKC3o4dhOY,ROOFTOP,"25.18213,121.4199339",0,TRUE,c(121.4199339, 25.18213),0
65,三和A+,新北市三重區永豐里10鄰力行路2段136巷20號,新北市三重區永豐里10鄰力行路2段136巷20號,0,OK,"No. 20號, Lane 136, Section 2, Lixing Rd, Sanchong District, New Taipei City, Taiwan 241",ChIJd4n62NqoQjQRjbu5kNJFYdE,ROOFTOP,"25.0753338,121.4808208",0,TRUE,c(121.4808208, 25.0753338),0
66,三和之星,新北市三重區維德里8鄰三和路三段147號,新北市三重區維德里8鄰三和路三段147號,0,OK,"No. 147, Section 3, Sanhe Rd, Sanchong District, New Taipei City, Taiwan 241",ChIJYdf-kiepQjQRCvZrVC4bFBU,ROOFTOP,"25.0736673,121.4922673",0,TRUE,c(121.4922673, 25.0736673),0
67,三輝玳門,新北市板橋區文化路二段288號,新北市板橋區文化路二段288號,0,OK,"No. 288, Section 2, Wenhua Rd, Banqiao District, New Taipei City, Taiwan 220",ChIJc2Kf_ECoQjQRrsqjDcEPRB4,ROOFTOP,"25.0292565,121.4719968",0,TRUE,c(121.4719968, 25.0292565),1
68,三輝雙子星,新北市永和區保順里仁愛路248號,新北市永和區保順里仁愛路248號,0,OK,"No. 248-262號, Ren'ai Rd, Yonghe District, New Taipei City, Taiwan 234",ChIJXy3lM8WpQjQRw7cKy0OFxy4,ROOFTOP,"25.0088936,121.50457",0,TRUE,c(121.50457, 25.0088936),0
69,世界首席,新北市林口區湖南里2鄰中華一路69號,新北市林口區湖南里2鄰中華一路69號3樓,0,OK,"No. 69, Zhonghua 1st Rd, Linkou District, New Taipei City, Taiwan 244",ChIJceCAd-mmQjQRvfPkVIGt-Mc,ROOFTOP,"25.084897,121.3800541",0,TRUE,c(121.3800541, 25.084897),0
70,冠德美境,新北市中和區景安里4鄰景安路155之1號,新北市中和區景安里4鄰景安路155之1號3樓,0,OK,"4 邻, No. 155, Jingan Rd, Zhonghe District, New Taipei City, Taiwan 235",Ekg0IOmCuywgTm8uIDE1NSwgSmluZ2FuIFJkLCBaaG9uZ2hlIERpc3RyaWN0LCBOZXcgVGFpcGVpIENpdHksIFRhaXdhbiAyMzUiIRofChYKFAoSCU1To6p3Amg0Eagid72pUx_1EgU0IOmCuw,ROOFTOP,"24.994981,121.5055315",0,TRUE,c(121.5055315, 24.994981),1
71,中悅松苑,新北市林口區湖南里21鄰文化三路二段79號,新北市林口區湖南里21鄰文化三路二段79號,0,OK,"No. 79, Section 2, Wenhua 3rd Rd, Linkou District, New Taipei City, Taiwan 244",ChIJL6vQ29ymQjQR7vEkOIwGHuc,ROOFTOP,"25.0805791,121.3740857",0,TRUE,c(121.3740857, 25.0805791),0
72,丰川,新北市淡水區民權里16鄰民權路187巷2號,新北市淡水區民權里16鄰民權路187巷2號,0,OK,"No. 2, Lane 187, Minquan Rd, Tamsui District, New Taipei City, Taiwan 251",ChIJr0bAVXavQjQRLDAiuXFVqlQ,ROOFTOP,"25.1332089,121.4601761",0,TRUE,c(121.4601761, 25.1332089),1
73,久保立,新北市三重區清和里17鄰中央南路88號,新北市三重區清和里17鄰中央南路88號2樓,0,OK,"No. 88, Zhongyang S Rd, Sanchong District, New Taipei City, Taiwan 241",ChIJv_EqPBipQjQReBVzwywzTj8,ROOFTOP,"25.0608312,121.5016586",0,TRUE,c(121.5016586, 25.0608312),1
74,久泰皇品,新北市中和區員富里10鄰員山路589號,新北市中和區員富里10鄰員山路589號地下1樓,0,OK,"10 邻, No. 589, Yuanshan Rd, Zhonghe District, New Taipei City, Taiwan 235",EksxMCDpgrssIE5vLiA1ODksIFl1YW5zaGFuIFJkLCBaaG9uZ2hlIERpc3RyaWN0LCBOZXcgVGFpcGVpIENpdHksIFRhaXdhbiAyMzUiIhogChYKFAoSCZkc--glqEI0EXB37h4wYjpCEgYxMCDpgrs,ROOFTOP,"25.0101478,121.4786283",0,TRUE,c(121.4786283, 25.0101478),0
75,久泰逸品,新北市永和區光復里16鄰環河東路一段52號,新北市永和區光復里16鄰環河東路一段52號2樓,0,OK,"No. 52, Section 1, Huanhe E Rd, Yonghe District, New Taipei City, Taiwan 234",EkxOby4gNTIsIFNlY3Rpb24gMSwgSHVhbmhlIEUgUmQsIFlvbmdoZSBEaXN0cmljdCwgTmV3IFRhaXBlaSBDaXR5LCBUYWl3YW4gMjM0IjASLgoUChIJ0VNWvJSpQjQRbJEBTZ0kNwoQNCoUChIJ6xRLuJSpQjQRhkAjVdWhHAs,RANGE_INTERPOLATED,"25.0170192,121.5188425",0,TRUE,c(121.5188425, 25.0170192),1
76,仁愛麗晶,新北市永和區保順里36鄰仁愛路306巷58號,新北市永和區保順里36鄰仁愛路306巷58號2樓,0,OK,"No. 50-58號, Lane 306, Ren'ai Rd, Yonghe District, New Taipei City, Taiwan 234",ChIJXc_E_M-pQjQRmbtzsWnDtpw,ROOFTOP,"25.0093886,121.5020862",0,TRUE,c(121.5020862, 25.0093886),0
77,佳能企業總部大樓,新北市新莊區中原里1鄰中原路656號,新北市新莊區中原里1鄰中原路656號,0,OK,"No. 656, Zhongyuan Rd, Xinzhuang District, New Taipei City, Taiwan 242",ChIJZy7RKNWnQjQRh_hrD3PTGic,ROOFTOP,"25.0546797,121.4429158",0,TRUE,c(121.4429158, 25.0546797),0
78,信義一品,新北市蘆洲區鷺江里6鄰信義路333號,新北市蘆洲區鷺江里6鄰信義路333號,0,OK,"No. 333, Xinyi Rd, Luzhou District, New Taipei City, Taiwan 247",ChIJ06E0Cc2oQjQRD-sfJLmdGjk,ROOFTOP,"25.0868889,121.4779124",0,TRUE,c(121.4779124, 25.0868889),1
79,傳峰,新北市新莊區海山里23鄰瓊泰路188號,新北市新莊區海山里23鄰瓊泰路188號,0,OK,"No. 188, Qiongtai Rd, Xinzhuang District, New Taipei City, Taiwan 242",ChIJtyVyeOCnQjQRis1SDovRb2s,ROOFTOP,"25.0335313,121.4433885",0,TRUE,c(121.4433885, 25.0335313),0
80,優陞學,新北市汐止區仁愛路106巷2號,新北市汐止區仁愛路106巷2號2樓,0,OK,"No. 2, Lane 106, Ren'ai Rd, Xizhi District, New Taipei City, Taiwan 221",ChIJg2EfdHJTXTQRJ7W9ZuCnENk,ROOFTOP,"25.0624608,121.6632609",0,TRUE,c(121.6632609, 25.0624608),0
81,全坤家圓,新北市八里區埤頭里25鄰文昌三街21號,新北市八里區埤頭里25鄰文昌三街21號2樓,0,OK,"25 邻, No. 21, Wenchang 3rd St, Bali District, New Taipei City, Taiwan 249",EksyNSDpgrssIE5vLiAyMSwgV2VuY2hhbmcgM3JkIFN0LCBCYWxpIERpc3RyaWN0LCBOZXcgVGFpcGVpIENpdHksIFRhaXdhbiAyNDkiPBo6CjASLgoUChIJh3J9ggWlQjQRONE9kYLlCaAQFSoUChIJAQWIggWlQjQROiVazMZJ5i0SBjI1IOmCuw,RANGE_INTERPOLATED,"25.1552715,121.4107742",0,TRUE,c(121.4107742, 25.1552715),0
82,八里龍躍,新北市八里區米倉里006鄰龍米路二段117之1號,新北市八里區米倉里006鄰龍米路二段117之1號,0,OK,"No. 117, Section 2, Longmi Rd, Bali District, New Taipei City, Taiwan 249",ChIJC9bXuYCvQjQRfPC72RXpD6o,ROOFTOP,"25.1435316,121.4468454",0,TRUE,c(121.4468454, 25.1435316),0
83,公園瀞,新北市永和區永安里7鄰安樂路272巷9弄2號,新北市永和區永安里7鄰安樂路272巷9弄2號,0,OK,"No. 2, Alley 9, Lane 272, Anle Rd, Yonghe District, New Taipei City, Taiwan 234",ChIJf8Lak-epQjQR-XHd8T4pNe8,ROOFTOP,"25.0044554,121.5151202",0,TRUE,c(121.5151202, 25.0044554),1
84,冠德天映,新北市三重區重明里12鄰疏洪東路一段251號,新北市三重區重明里12鄰疏洪東路一段251號2樓,0,OK,"No. 251, Section 1, Shuiyang Rd, Sanchong District, New Taipei City, Taiwan 241",ChIJJbaLO-WoQjQRHCNA-sXltps,ROOFTOP,"25.0573822,121.4817856",0,TRUE,c(121.4817856, 25.0573822),1
85,冠德天晴,新北市三重區三民里12鄰中正北路88號,新北市三重區三民里12鄰中正北路88號,0,OK,"No. 88, Zhongzheng N Rd, Sanchong District, New Taipei City, Taiwan 241",ChIJY4oqyOCoQjQRzmnGz8cedRA,ROOFTOP,"25.0646166,121.4861662",0,TRUE,c(121.4861662, 25.0646166),0
86,冠德麗境,新北市中和區景文里15鄰景安路120之2號,新北市中和區景文里15鄰景安路120之2號2樓,0,OK,"No. 120之2, Jingan Rd, Zhonghe District, New Taipei City, Taiwan 235",ChIJyzlGNBgDaDQRdFde1dVMEFo,ROOFTOP,"24.9949051,121.5052148",0,TRUE,c(121.5052148, 24.9949051),1
87,冠德鼎峰,新北市新莊區頭前里15鄰思源路486號,新北市新莊區頭前里15鄰思源路486號,0,OK,"No. 486, Siyuan Rd, Xinzhuang District, New Taipei City, Taiwan 242",EkNOby4gNDg2LCBTaXl1YW4gUmQsIFhpbnpodWFuZyBEaXN0cmljdCwgTmV3IFRhaXBlaSBDaXR5LCBUYWl3YW4gMjQyIjESLwoUChIJ-6otJ4moQjQR2a7m37xZNpoQ5gMqFAoSCY-AcVxiqEI0Ef2G70MLvQPw,RANGE_INTERPOLATED,"25.0546693,121.4602885",0,TRUE,c(121.4602885, 25.0546693),0
88,利舟官耀,新北市蘆洲區水湳里17鄰仁愛街77之2號,新北市蘆洲區水湳里17鄰仁愛街77之2號2樓,0,OK,"2 号, No. 77, Ren'ai St, Luzhou District, New Taipei City, Taiwan 247",EkYyIOWPtywgTm8uIDc3LCBSZW4nYWkgU3QsIEx1emhvdSBEaXN0cmljdCwgTmV3IFRhaXBlaSBDaXR5LCBUYWl3YW4gMjQ3IiEaHwoWChQKEglzfTJTNK9CNBFopOhXxeLcDhIFMiDlj7c,ROOFTOP,"25.0938342,121.4713241",0,TRUE,c(121.4713241, 25.0938342),0
89,勝瀚秀山園,新北市中和區秀福里27鄰自立路17號,新北市中和區秀福里27鄰自立路17號,0,OK,"No. 17, Zili Rd, Zhonghe District, New Taipei City, Taiwan 235",ChIJXbwXUeKpQjQRKrNEEsybLCI,ROOFTOP,"24.9960832,121.5221815",0,TRUE,c(121.5221815, 24.9960832),0
90,勝輝NEXT 1,新北市中和區德穗里1鄰中山路三段215號,新北市中和區德穗里1鄰中山路三段215號,0,OK,"No. 215, Section 3, Zhongshan Rd, Zhonghe District, New Taipei City, Taiwan 235",ChIJvWCaiCCoQjQRUGPayL0d1VM,ROOFTOP,"25.0064271,121.4715619",0,TRUE,c(121.4715619, 25.0064271),0
91,勝開大地,新北市永和區下溪里13鄰保安路236號,新北市永和區下溪里13鄰保安路236號,0,OK,"No. 236, Bao'an Rd, Yonghe District, New Taipei City, Taiwan 234",ChIJW76YIcSpQjQRBKYXqQ3e9OE,ROOFTOP,"25.0132935,121.5068575",0,TRUE,c(121.5068575, 25.0132935),0
92,原石雅苑,新北市淡水區新春里5鄰新春街85巷25弄15號,新北市淡水區新春里5鄰新春街85巷25弄15號2樓,0,OK,"No. 15, Alley 25, Lane 85, Xinchun St, Tamsui District, New Taipei City, Taiwan 251",ElNOby4gMTUsIEFsbGV5IDI1LCBMYW5lIDg1LCBYaW5jaHVuIFN0LCBUYW1zdWkgRGlzdHJpY3QsIE5ldyBUYWlwZWkgQ2l0eSwgVGFpd2FuIDI1MSIwEi4KFAoSCf-85bWsukI0EXxbrKH_lt9ZEA8qFAoSCV-M6kpTpUI0EV-IwOS-qBGg,RANGE_INTERPOLATED,"25.1833865,121.4385266",0,TRUE,c(121.4385266, 25.1833865),0
93,双捷晶華,新北市中和區崇南里12鄰景新街468號,新北市中和區崇南里12鄰景新街468號2樓,0,OK,"12 邻, No. 468, Jingxin St, Zhonghe District, New Taipei City, Taiwan 235",EkoxMiDpgrssIE5vLiA0NjgsIEppbmd4aW4gU3QsIFpob25naGUgRGlzdHJpY3QsIE5ldyBUYWlwZWkgQ2l0eSwgVGFpd2FuIDIzNSIiGiAKFgoUChIJVfEy0HICaDQR-KJV49RHQrgSBjEyIOmCuw,ROOFTOP,"24.9872662,121.5135727",0,TRUE,c(121.5135727, 24.9872662),1
94,台北甜心椰林,新北市泰山區貴子里6鄰工專路52號,新北市泰山區貴子里6鄰工專路52號,0,OK,"No. 52, Gongzhuan Rd, Taishan District, New Taipei City, Taiwan 243",ChIJH865cMCnQjQRZeLeM_9K5Vs,ROOFTOP,"25.0402436,121.4231432",0,TRUE,c(121.4231432, 25.0402436),0
95,台北甜心香榭,新北市泰山區貴子里6鄰工專路40巷8號,新北市泰山區貴子里6鄰工專路40巷8號2樓之1,0,OK,"No. 8, Lane 40, Gongzhuan Rd, Taishan District, New Taipei City, Taiwan 243",EktOby4gOCwgTGFuZSA0MCwgR29uZ3podWFuIFJkLCBUYWlzaGFuIERpc3RyaWN0LCBOZXcgVGFpcGVpIENpdHksIFRhaXdhbiAyNDMiMBIuChQKEgl9Yet6wKdCNBGQvQxH_tsnYBAIKhQKEgmzkkdxwKdCNBHKxLXIPTP0HA,RANGE_INTERPOLATED,"25.0405407,121.4235063",0,TRUE,c(121.4235063, 25.0405407),0
96,吉美一品花園,新北市永和區中興里15鄰竹林路68號,新北市永和區中興里15鄰竹林路68號,0,OK,"No. 68, Zhulin Rd, Yonghe District, New Taipei City, Taiwan 234",ChIJiRE6deupQjQRZeXgn9il-ok,ROOFTOP,"25.0133732,121.5184119",0,TRUE,c(121.5184119, 25.0133732),1
97,名城,新北市汐止區新昌里014鄰新昌路37號,新北市汐止區新昌里014鄰新昌路37號,0,OK,"No. 37, Xinchang Rd, Xizhi District, New Taipei City, Taiwan 221",ChIJeaw8oBJTXTQRcHFle6e4G7o,ROOFTOP,"25.068118,121.662422",0,TRUE,c(121.662422, 25.068118),0
98,名軒富麗,新北市新莊區中原里1鄰富貴路480號,新北市新莊區中原里1鄰富貴路480號,0,OK,"No. 480, Fugui Rd, Xinzhuang District, New Taipei City, Taiwan 242",ChIJQeSACYGoQjQR_HSDS7plc1I,ROOFTOP,"25.0572072,121.4486383",0,TRUE,c(121.4486383, 25.0572072),0
99,君泰凰,新北市新莊區雙鳳里4鄰雙鳳路77巷1號,新北市新莊區雙鳳里4鄰雙鳳路77巷1號3樓,0,OK,"No. 1號, Lane 77, Shuangfeng Rd, Xinzhuang District, New Taipei City, Taiwan 242",ChIJvRvD48SnQjQRni-UTfScljo,ROOFTOP,"25.0273852,121.4141142",0,TRUE,c(121.4141142, 25.0273852),0
100,品美學,新北市汐止區文化里008鄰南興路89號,新北市汐止區文化里008鄰南興路89號,0,OK,"No. 89號, Nanxing Rd, Xizhi District, New Taipei City, Taiwan 221",ChIJy8q-GHlTXTQRcQ8YLfcYtS8,ROOFTOP,"25.0588355,121.6531578",0,TRUE,c(121.6531578, 25.0588355),0
101,哲人德林,新北市汐止區福安里6鄰仁愛路162之6號,新北市汐止區福安里6鄰仁愛路162之6號3樓,0,OK,"No. 162, Ren'ai Rd, Xizhi District, New Taipei City, Taiwan 221",ChIJlRA96nJTXTQRC_cb8rnbXd0,ROOFTOP,"25.0650509,121.6642258",0,TRUE,c(121.6642258, 25.0650509),0
102,唐璽欣璞綻,新北市板橋區華江里11鄰民生路二段240巷68號,新北市板橋區華江里11鄰民生路二段240巷68號2樓,0,OK,"No. 68, Lane 240, Section 2, Minsheng Rd, Banqiao District, New Taipei City, Taiwan 220",ChIJb0D5bD6oQjQRDJLEasikFOo,ROOFTOP,"25.022814,121.4700535",0,TRUE,c(121.4700535, 25.022814),1
103,唐璽花園綻,新北市三重區雙園里10鄰雙園街1巷11號,新北市三重區雙園里10鄰雙園街1巷11號,0,OK,"No. 11, Lane 1, Shuangyuan St, Sanchong District, New Taipei City, Taiwan 241",ChIJlR_RVSGpQjQRshkOtk3M_Io,ROOFTOP,"25.0684597,121.4968939",0,TRUE,c(121.4968939, 25.0684597),1
104,喜全森鑄,新北市中和區國華里5鄰國光街42號,新北市中和區國華里5鄰國光街42號,0,OK,"No. 42 Xintai Rd. [New Taipei City Bus], Xinzhuang District, New Taipei City, Taiwan 242",ChIJPzeN8XSoQjQRfUoczJWXyEo,GEOMETRIC_CENTER,"25.034206,121.449508",0,TRUE,c(121.449508, 25.034206),1
105,圓富登峰,新北市三重區仁義里9鄰大同南路168號,新北市三重區仁義里9鄰大同南路168號,0,OK,"No. 168, Datong S Rd, Sanchong District, New Taipei City, Taiwan 241",ChIJucXVCBypQjQRfT5UMU3mrxg,ROOFTOP,"25.0574272,121.4966755",0,TRUE,c(121.4966755, 25.0574272),0
106,大隱小藍海,新北市淡水區八勢里9鄰中正東路二段107巷13號,新北市淡水區八勢里9鄰中正東路二段107巷13號,0,OK,"No. 1-3, Lane 107, Section 2, Zhongzheng E Rd, Tamsui District, New Taipei City, Taiwan 251",ChIJdzVi1ZOvQjQR2V0WelVaxMs,ROOFTOP,"25.1517394,121.4600181",0,TRUE,c(121.4600181, 25.1517394),1
107,安和琉域,新北市土城區安和里4鄰延和路39巷12號,新北市土城區安和里4鄰延和路39巷12號2樓,0,OK,"No. 12, Lane 39, Yanhe Rd, Tucheng District, New Taipei City, Taiwan 236",EkhOby4gMTIsIExhbmUgMzksIFlhbmhlIFJkLCBUdWNoZW5nIERpc3RyaWN0LCBOZXcgVGFpcGVpIENpdHksIFRhaXdhbiAyMzYiMBIuChQKEglptfdevgJoNBFOPc6PM0lisBAMKhQKEgk5cfpevgJoNBFamW0zHYlpkA,RANGE_INTERPOLATED,"24.9898011,121.4659014",0,TRUE,c(121.4659014, 24.9898011),0
108,安和苑,新北市土城區延和里2鄰永豐路13巷27號,新北市土城區延和里2鄰永豐路13巷27號,0,OK,"No. 27, Lane 13, Yongfeng Rd, Tucheng District, New Taipei City, Taiwan 236",EktOby4gMjcsIExhbmUgMTMsIFlvbmdmZW5nIFJkLCBUdWNoZW5nIERpc3RyaWN0LCBOZXcgVGFpcGVpIENpdHksIFRhaXdhbiAyMzYiMBIuChQKEgn93RDQuAJoNBEd9ic8mjQ1YhAbKhQKEgn93RDQuAJoNBFOPdF6PVAxnQ,RANGE_INTERPOLATED,"24.9888537,121.4622258",0,TRUE,c(121.4622258, 24.9888537),0
109,富貴中華,新北市新莊區榮和里14鄰中華路一段31號,新北市新莊區榮和里14鄰中華路一段31號,0,OK,"No. 31, Section 1, Zhonghua Rd, Xinzhuang District, New Taipei City, Taiwan 242",ChIJ8dAsUHGoQjQRMZ0Y-Vue9x8,ROOFTOP,"25.0376113,121.451942",0,TRUE,c(121.451942, 25.0376113),1
110,富鼎,新北市蘆洲區福安里1鄰民族路251號,新北市蘆洲區福安里1鄰民族路251號,0,OK,"No. 251, Minzu Rd, Luzhou District, New Taipei City, Taiwan 247",ChIJF6r8JjOvQjQRCpwmegcwVUM,ROOFTOP,"25.0902542,121.4768402",0,TRUE,c(121.4768402, 25.0902542),0
111,寶石君品苑,新北市三重區中興里22鄰光復路一段46號,新北市三重區中興里22鄰光復路一段46號,0,OK,"No. 46, Section 1, Guangfu Rd, Sanchong District, New Taipei City, Taiwan 241",ChIJRU-Ke1-oQjQRFcIPoDp5cxE,ROOFTOP,"25.0477924,121.471784",0,TRUE,c(121.471784, 25.0477924),1
112,將捷美華,新北市中和區建和里34鄰中正路426號,新北市中和區建和里34鄰中正路426號2樓,0,OK,"No. 426, Zhongzheng Rd, Yonghe District, New Taipei City, Taiwan 234",ChIJPQ7d-uapQjQReVjwKj0YuqI,ROOFTOP,"25.002272,121.5176345",0,TRUE,c(121.5176345, 25.002272),0
113,山水悅,新北市淡水區鄧公里1鄰中正東路81巷6號,新北市淡水區鄧公里1鄰中正東路81巷6號2樓,0,OK,"No. 6, Lane 81, Zhongzheng E Rd, Tamsui District, New Taipei City, Taiwan 251",ChIJg4V6WvavQjQRv3Sftqw_eno,ROOFTOP,"25.167133,121.447981",0,TRUE,c(121.447981, 25.167133),1
114,崑益大謙,新北市淡水區八勢里3鄰八勢路50巷8弄26號,新北市淡水區八勢里3鄰八勢路50巷8弄26號,0,OK,"No. 26號, Alley 8, Lane 50, Bashi Rd, Tamsui District, New Taipei City, Taiwan 251",ChIJUSFq5ZOvQjQRniYoWCzt7U8,ROOFTOP,"25.1518802,121.4619319",0,TRUE,c(121.4619319, 25.1518802),1
115,幸福城市,新北市汐止區中興里11鄰福德二路57號,新北市汐止區中興里11鄰福德二路57號,0,OK,"No. 57, Fude 2nd Rd, Xizhi District, New Taipei City, Taiwan 221",ChIJ52DwH0xTXTQREY_kKazOnRM,ROOFTOP,"25.0669736,121.6339647",0,TRUE,c(121.6339647, 25.0669736),0
116,幸福家綻,新北市三重區慈惠里1鄰三和路4段203巷183號,新北市三重區慈惠里1鄰三和路4段203巷183號,0,OK,"No. 183, Lane 203, Section 4, Sanhe Rd, Sanchong District, New Taipei City, Taiwan 241",ChIJm_KGydaoQjQReRqLZSC3M2M,ROOFTOP,"25.0804874,121.4861056",0,TRUE,c(121.4861056, 25.0804874),1
117,府中贊,新北市板橋區赤松里3鄰府中路54號,新北市板橋區赤松里3鄰府中路54號,0,OK,"No. 54, Fuzhong Rd, Banqiao District, New Taipei City, Taiwan 220",ChIJ54gxUx2oQjQRMzG5rOrFaXg,ROOFTOP,"25.0096696,121.4570669",0,TRUE,c(121.4570669, 25.0096696),1
118,康郡,新北市汐止區秀山里5鄰仁愛路106巷23號,新北市汐止區秀山里5鄰仁愛路106巷23號2樓,0,OK,"No. 23, Lane 106, Ren'ai Rd, Xizhi District, New Taipei City, Taiwan 221",ChIJoXtedHJTXTQR6_op4HbtkUc,ROOFTOP,"25.0629499,121.662775",0,TRUE,c(121.662775, 25.0629499),0
119,御中央NO2,新北市新店區中央里7鄰中央三街41號,新北市新店區中央里7鄰中央三街41號,0,OK,"No. 41, Zhongyang 3rd St, Xindian District, New Taipei City, Taiwan 231",ChIJ5YlXrxkCaDQRg4nex9CUOEU,ROOFTOP,"24.9746216,121.5280742",0,TRUE,c(121.5280742, 24.9746216),1
120,御寶,新北市新店區寶興里1鄰寶強路8號,新北市新店區寶興里1鄰寶強路8號2樓,0,OK,"231, Taiwan, New Taipei City, Xindian District, Baoqiang Rd, 8號入口於台塑加油站旁",ChIJP-P16CIBaDQRn2X71T6wcgU,ROOFTOP,"24.9791565,121.5441953",0,TRUE,c(121.5441953, 24.9791565),1
121,德友藏,新北市土城區頂埔里021鄰中央路四段12號,新北市土城區頂埔里021鄰中央路四段12號,0,OK,"No. 12, Section 4, Zhongyang Rd, Tucheng District, New Taipei City, Taiwan 236",ChIJ6_7Cy-kcaDQRPn_WdqYzC5Y,ROOFTOP,"24.9614694,121.4215146",0,TRUE,c(121.4215146, 24.9614694),1
122,心悅灣,新北市淡水區民生里2鄰大同路79號,新北市淡水區民生里2鄰大同路79號,0,OK,"No. 79, Datong Rd, Tamsui District, New Taipei City, Taiwan 251",Ej9Oby4gNzksIERhdG9uZyBSZCwgVGFtc3VpIERpc3RyaWN0LCBOZXcgVGFpcGVpIENpdHksIFRhaXdhbiAyNTEiMBIuChQKEgk5L_k_nK9CNBGo0LvKlwYauhBPKhQKEgl5kTxqma9CNBEdsXNeyTYrnQ,RANGE_INTERPOLATED,"25.1395071,121.4613786",0,TRUE,c(121.4613786, 25.1395071),1
123,忠孝誠藝,新北市汐止區橋東里020鄰忠孝東路506號,新北市汐止區橋東里020鄰忠孝東路506號3樓,0,OK,"No. 506, Zhongxiao E Rd, Xizhi District, New Taipei City, Taiwan 221",ChIJ5ePRPw9TXTQRyQQZdfQxqyU,ROOFTOP,"25.0749245,121.666853",0,TRUE,c(121.666853, 25.0749245),0
124,快捷市,新北市汐止區禮門里5鄰中正路296號,新北市汐止區禮門里5鄰中正路296號3樓,0,OK,"No. 296, Zhongzheng Rd, Xizhi District, New Taipei City, Taiwan 221",ChIJfcpBrBRTXTQRcHaE4wriAlE,ROOFTOP,"25.068503,121.656378",0,TRUE,c(121.656378, 25.068503),0
125,悠森學,新北市淡水區新春里11鄰新春街110號,新北市淡水區新春里11鄰新春街110號2樓,0,OK,"No. 110號, Xinchun St, Tamsui District, New Taipei City, Taiwan 251",ChIJcQND7YqlQjQRa8v2ZXb7TCY,ROOFTOP,"25.1823868,121.4397965",0,TRUE,c(121.4397965, 25.1823868),0
126,愛閱,新北市三重區仁德里2鄰重新路二段110號,新北市三重區仁德里2鄰重新路二段110號,0,OK,"No. 110, Section 2, Chongxin Rd, Sanchong District, New Taipei City, Taiwan 241",ChIJ1_cCLh-pQjQRXkCxSMgRKUk,ROOFTOP,"25.0615403,121.4967069",0,TRUE,c(121.4967069, 25.0615403),1
127,捷運京典,新北市三重區重明里12鄰光陽街66號,新北市三重區重明里12鄰光陽街66號2樓,0,OK,"No. 66-72, Guangyang St, Sanchong District, New Taipei City, Taiwan 241",ChIJWWWyIeWoQjQR03moQJXCchE,ROOFTOP,"25.0574712,121.4825611",0,TRUE,c(121.4825611, 25.0574712),1
128,捷運楓華,新北市新店區新德里6鄰中華路22號,新北市新店區新德里6鄰中華路22號,0,OK,"No. 22, Zhonghua Rd, Xindian District, New Taipei City, Taiwan 231",ChIJpxK9L4sBaDQRqwvl1rueymM,ROOFTOP,"24.967761,121.540443",0,TRUE,c(121.540443, 24.967761),1
129,捷運瀞,新北市中和區廟美里1鄰廟美街8號,新北市中和區廟美里1鄰廟美街8號,0,OK,"No. 8, Miaomei St, Zhonghe District, New Taipei City, Taiwan 235",ChIJM8rZBNepQjQRLr3c8H_z_yk,ROOFTOP,"25.0015603,121.5010123",0,TRUE,c(121.5010123, 25.0015603),1
130,敦南一品花園,新北市永和區民族里21鄰民有街67巷7號,新北市永和區民族里21鄰民有街67巷7號3樓,0,OK,"No. 7, Lane 67, Minyou St, Yonghe District, New Taipei City, Taiwan 234",EkdOby4gNywgTGFuZSA2NywgTWlueW91IFN0LCBZb25naGUgRGlzdHJpY3QsIE5ldyBUYWlwZWkgQ2l0eSwgVGFpd2FuIDIzNCIwEi4KFAoSCa-wq8fhqUI0EcXvd2dymNIMEAcqFAoSCSvBqsfhqUI0EbGlBrXWzKkl,RANGE_INTERPOLATED,"24.9961769,121.5178667",0,TRUE,c(121.5178667, 24.9961769),1
131,敦南仰望,新北市新店區忠孝里10鄰中正路703號,新北市新店區忠孝里10鄰中正路703號二樓,0,OK,"No. 703, Zhongzheng Rd, Xindian District, New Taipei City, Taiwan 231",ChIJP4WLgQACaDQR4UEoCMG7uG8,ROOFTOP,"24.9910393,121.5337562",0,TRUE,c(121.5337562, 24.9910393),0
132,敦美苑,新北市汐止區福安里010鄰仁愛路152巷45號,新北市汐止區福安里010鄰仁愛路152巷45號,0,OK,"No. 45-55號, Lane 152, Ren'ai Rd, Xizhi District, New Taipei City, Taiwan 221",ChIJtc89VXJTXTQRtG2khKXggkA,ROOFTOP,"25.0633972,121.6653033",0,TRUE,c(121.6653033, 25.0633972),0
133,文化興,新北市板橋區華翠里9鄰莒光路81號,新北市板橋區華翠里9鄰莒光路81號2樓,0,OK,"No. 81, Juguang Rd, Banqiao District, New Taipei City, Taiwan 220",ChIJObVK_D6oQjQRZgg1ZXPThp0,ROOFTOP,"25.0241299,121.4718919",0,TRUE,c(121.4718919, 25.0241299),1
134,新板極,新北市板橋區福祿里8鄰民族路236號,新北市板橋區福祿里8鄰民族路236號,0,OK,"No. 236, Minzu Rd, Banqiao District, New Taipei City, Taiwan 220",ChIJuUyaGyCoQjQR7SU9ucQ34Ig,ROOFTOP,"25.0072146,121.4688417",0,TRUE,c(121.4688417, 25.0072146),0
135,新泰然,新北市新莊區泰豐里14鄰新泰路2之20號,新北市新莊區泰豐里14鄰新泰路2之20號,0,OK,"No. 2之13號, Xintai Rd, Xinzhuang District, New Taipei City, Taiwan 242",ChIJs2FPtnSoQjQRi2xR1od6vuU,ROOFTOP,"25.0324666,121.450021",0,TRUE,c(121.450021, 25.0324666),1
136,日安,新北市中和區中原里4鄰環河西路三段66號,新北市中和區中原里4鄰環河西路三段66號2樓,0,OK,"No. 66, Section 3, Huanhe W Rd, Zhonghe District, New Taipei City, Taiwan 235",ChIJxcpxEdOpQjQRPsgq6l-i8bI,ROOFTOP,"25.0075724,121.4935229",0,TRUE,c(121.4935229, 25.0075724),1
137,旭泰城光,新北市中和區福善里1鄰中山路二段208號,新北市中和區福善里1鄰中山路二段208號,0,OK,"No. 208-210號, Section 2, Zhongshan Rd, Zhonghe District, New Taipei City, Taiwan 235",ChIJIy514dapQjQRFvdNSAXbYgA,ROOFTOP,"25.002856,121.499698",0,TRUE,c(121.499698, 25.002856),1
138,映象,新北市中和區建康路178號,新北市中和區建康路178號3樓,0,OK,"No. 178, Jiankang Rd, Zhonghe District, New Taipei City, Taiwan 235",ChIJhZLkC4ACaDQRD4O3c7cvxGU,ROOFTOP,"25.0001696,121.4910477",0,TRUE,c(121.4910477, 25.0001696),0
139,有仁愛,新北市永和區上溪里19鄰文化路113巷15號,新北市永和區上溪里19鄰文化路113巷15號,0,OK,"No. 15, Lane 113, Wenhua Rd, Yonghe District, New Taipei City, Taiwan 234",ChIJ36Q7zMGpQjQRNWry7E8bGAU,ROOFTOP,"25.0142501,121.5132528",0,TRUE,c(121.5132528, 25.0142501),1
140,有富御花園,新北市板橋區文化路二段235號,新北市板橋區文化路二段235號,0,OK,"No. 235, Section 2, Wenhua Rd, Banqiao District, New Taipei City, Taiwan 220",ChIJR2GCXkCoQjQRkc_QqSG3fCo,ROOFTOP,"25.0285275,121.4709686",0,TRUE,c(121.4709686, 25.0285275),1
141,東利八方,新北市三重區光華里7鄰中央北路37號,新北市三重區光華里7鄰中央北路37號,0,OK,"No. 37, Zhongyang N Rd, Sanchong District, New Taipei City, Taiwan 241",ChIJ1aUG5CKpQjQR69iaEnGx0oA,ROOFTOP,"25.064814,121.50093",0,TRUE,c(121.50093, 25.064814),1
142,東煒欽品,新北市三重區福德里1鄰集美街71號,新北市三重區福德里1鄰集美街71號3樓,0,OK,"No. 71, Jimei St, Sanchong District, New Taipei City, Taiwan 241",EkBOby4gNzEsIEppbWVpIFN0LCBTYW5jaG9uZyBEaXN0cmljdCwgTmV3IFRhaXBlaSBDaXR5LCBUYWl3YW4gMjQxIjASLgoUChIJx-ieIf2oQjQRnlQwBeHHisgQRyoUChIJ1b5HtuKoQjQRCjcJjR572bM,RANGE_INTERPOLATED,"25.0536882,121.4885392",0,TRUE,c(121.4885392, 25.0536882),1
143,森聯摩天41,新北市林口區南勢里20鄰文化三路一段61號,新北市林口區南勢里20鄰文化三路一段61號,0,OK,"No. 61, Section 1, Wenhuasan Rd, Linkou District, New Taipei City, Taiwan 244",Ek1Oby4gNjEsIFNlY3Rpb24gMSwgV2VuaHVhc2FuIFJkLCBMaW5rb3UgRGlzdHJpY3QsIE5ldyBUYWlwZWkgQ2l0eSwgVGFpd2FuIDI0NCIwEi4KFAoSCa0SOpUup0I0EdLOq3Q9loLMED0qFAoSCc8C8eonp0I0EZXdZQWqi6W9,RANGE_INTERPOLATED,"25.0668719,121.3610726",0,TRUE,c(121.3610726, 25.0668719),0
144,樹一品,新北市三重區重陽路4段66號,新北市三重區重陽路4段66號,0,OK,"No. 66, Section 4, Chongyang Rd, Sanchong District, New Taipei City, Taiwan 241",ChIJI6DbUCepQjQRggeS6ZzjZk4,ROOFTOP,"25.0705096,121.4917309",0,TRUE,c(121.4917309, 25.0705096),1
145,橋峰１６８,新北市三重區永興里4鄰重新路一段64號,新北市三重區永興里4鄰重新路一段64號,0,OK,"No. 64, Section 1, Chongxin Rd, Sanchong District, New Taipei City, Taiwan 241",ChIJoeQyyCKpQjQRtu--b0877Nk,ROOFTOP,"25.0635571,121.5021458",0,TRUE,c(121.5021458, 25.0635571),1
146,水問山,新北市淡水區八勢里1鄰中正東路二段143巷2弄3號,新北市淡水區八勢里1鄰中正東路二段143巷2弄3號2樓,0,OK,"No. 3, Alley 2, Lane 143, Section 2, Zhongzheng E Rd, Tamsui District, New Taipei City, Taiwan 251",ChIJ1yaNkJCvQjQR4fCFvCzf_eU,ROOFTOP,"25.1469194,121.4608588",0,TRUE,c(121.4608588, 25.1469194),0
147,水舞河畔,新北市土城區頂福里10鄰中州路57巷72號,新北市土城區頂福里10鄰中州路57巷72號2樓,0,OK,"10 邻, No. 72, Lane 57, Zhongzhou Rd, Tucheng District, New Taipei City, Taiwan 236",ElQxMCDpgrssIE5vLiA3MiwgTGFuZSA1NywgWmhvbmd6aG91IFJkLCBUdWNoZW5nIERpc3RyaWN0LCBOZXcgVGFpcGVpIENpdHksIFRhaXdhbiAyMzYiPBo6CjASLgoUChIJO-mnFO0caDQREo17bXEOcPYQSCoUChIJ_wjCbO0caDQR8SgIUf0cFy4SBjEwIOmCuw,RANGE_INTERPOLATED,"24.95715,121.4127167",0,TRUE,c(121.4127167, 24.95715),0
148,河景站,新北市三重區光華里4鄰福德北路18號,新北市三重區光華里4鄰福德北路18號,0,OK,"No. 18, Fude N Rd, Sanchong District, New Taipei City, Taiwan 241",ChIJM-1W1yKpQjQR2DlArhXcg0o,ROOFTOP,"25.064598,121.502041",0,TRUE,c(121.502041, 25.064598),1
149,河畔哲人,新北市汐止區復興里10鄰新台五路一段137號,新北市汐止區復興里10鄰新台五路一段137號2樓之1,0,OK,"No. 137, Section 1, Xintaiwu Rd, Xizhi District, New Taipei City, Taiwan 221",ChIJ3acJv2lTXTQRS49nCTDx5IA,ROOFTOP,"25.0623148,121.6527824",0,TRUE,c(121.6527824, 25.0623148),0
150,淞暘(又又)囍,新北市三重區光陽里8鄰新生街100號,新北市三重區光陽里8鄰新生街100號,0,OK,"No. 100, Xinsheng St, Sanchong District, New Taipei City, Taiwan 241",ChIJZ0OgUeSoQjQR3rPUsCvcPmE,ROOFTOP,"25.0592237,121.4831648",0,TRUE,c(121.4831648, 25.0592237),1
151,淳真,新北市新莊區中原里1鄰中港路715號,新北市新莊區中原里1鄰中港路715號,0,OK,"No. 715, Zhonggang Rd, Xinzhuang District, New Taipei City, Taiwan 242",ChIJN-s9RIGoQjQR_ng_m1v9lbU,ROOFTOP,"25.057534,121.450354",0,TRUE,c(121.450354, 25.057534),0
152,源力時代,新北市中和區安穗里1鄰員山路316號,新北市中和區安穗里1鄰員山路316號,0,OK,"No. 316, Yuanshan Rd, Zhonghe District, New Taipei City, Taiwan 235",ChIJf_lBooICaDQRlpoyiDwnL04,ROOFTOP,"25.0029875,121.4813478",0,TRUE,c(121.4813478, 25.0029875),0
153,漢寶雙捷贊,新北市中和區連城里23鄰景平路571號,新北市中和區連城里23鄰景平路571號2樓,0,OK,"No. 571, Jingping Rd, Zhonghe District, New Taipei City, Taiwan 235",ChIJZ5A2GdapQjQRduKr-JOGPP4,ROOFTOP,"24.9999822,121.4979235",0,TRUE,c(121.4979235, 24.9999822),1
154,潤泰明峰,新北市汐止區金龍里17鄰明峰街136號,新北市汐止區金龍里17鄰明峰街136號2樓,0,OK,"No. 136, Mingfeng St, Xizhi District, New Taipei City, Taiwan 221",ChIJfZZkFktTXTQR_j95AGzyL3E,ROOFTOP,"25.0709659,121.6296908",0,TRUE,c(121.6296908, 25.0709659),0
155,琢青住商,新北市新店區五里1鄰北新路一段136號,新北市新店區五里1鄰北新路一段136號,0,OK,"No. 136-142, Section 1, Beixin Rd, Xindian District, New Taipei City, Taiwan 231",ChIJkT43gPQBaDQRU_aM94JMCWI,ROOFTOP,"24.9703149,121.5427191",0,TRUE,c(121.5427191, 24.9703149),1
156,百景,新北市新店區五峯里1鄰北新路一段100號,新北市新店區五峯里1鄰北新路一段100號3樓,0,OK,"No. 100, Section 1, Beixin Rd, Xindian District, New Taipei City, Taiwan 231",ChIJm1HgmPQBaDQRHec03qB2OXo,ROOFTOP,"24.9694418,121.5423452",0,TRUE,c(121.5423452, 24.9694418),1
157,皇冠,新北市板橋區光復里20鄰中山路二段412巷29弄8號,新北市板橋區光復里20鄰中山路二段412巷29弄8號3樓,0,OK,"No. 8, Alley 29, Lane 412, Section 2, Zhongshan Rd, Banqiao District, New Taipei City, Taiwan 220",ChIJXw4XlTaoQjQRP-pTYPs1dT4,ROOFTOP,"25.0199342,121.4839833",0,TRUE,c(121.4839833, 25.0199342),0
158,皇翔玉鼎商場,新北市三峽區龍學里21鄰學成路313號,新北市三峽區龍學里21鄰學成路313號,0,OK,"No. 313, Xuecheng Rd, Sanxia District, New Taipei City, Taiwan 237",ChIJlw59SnUcaDQRJQTV4K7wANI,ROOFTOP,"24.9446623,121.3767102",0,TRUE,c(121.3767102, 24.9446623),0
159,福匯常住,新北市板橋區龍翠里9鄰大同街16號,新北市板橋區龍翠里9鄰大同街16號2樓,0,OK,"No. 16, Datong St, Banqiao District, New Taipei City, Taiwan 220",ChIJZ2oGokeoQjQRoHe8s6Ug700,ROOFTOP,"25.026872,121.4774297",0,TRUE,c(121.4774297, 25.026872),0
160,福匯常安,新北市板橋區龍翠里11鄰大同街17號,新北市板橋區龍翠里11鄰大同街17號,0,OK,"No. 17號, Datong St, Banqiao District, New Taipei City, Taiwan 220",ChIJ3dRz-cepQjQRRKe7WLBU-y8,ROOFTOP,"25.0270935,121.4771866",0,TRUE,c(121.4771866, 25.0270935),0
161,福喜璟安綻,新北市中和區景文里14鄰景平路522之2號,新北市中和區景文里14鄰景平路522之2號,0,OK,"No. 522之6號, Jingping Rd, Zhonghe District, New Taipei City, Taiwan 235",ChIJ2_zjSX0DaDQRlwMS1LMMT2M,ROOFTOP,"24.9945787,121.50348",0,TRUE,c(121.50348, 24.9945787),1
162,福璽景安,新北市中和區新南里40鄰景平路431巷29號,新北市中和區新南里40鄰景平路431巷29號2樓,0,OK,"40 邻, No. 29, Lane 431, Jingping Rd, Zhonghe District, New Taipei City, Taiwan 235",ElQ0MCDpgrssIE5vLiAyOSwgTGFuZSA0MzEsIEppbmdwaW5nIFJkLCBaaG9uZ2hlIERpc3RyaWN0LCBOZXcgVGFpcGVpIENpdHksIFRhaXdhbiAyMzUiIhogChYKFAoSCTt1YZd5Amg0ESOfcBXSMkkuEgY0MCDpgrs,ROOFTOP,"24.9947059,121.5006099",0,TRUE,c(121.5006099, 24.9947059),1
163,第一綻,新北市八里區大崁里17鄰四維街7號,新北市八里區大崁里17鄰四維街7號地下3樓,0,OK,"No. 7, Siwei St, Bali District, New Taipei City, Taiwan 249",ChIJN_4ZHBKlQjQR2Q9yW9CD60s,ROOFTOP,"25.1574157,121.4173354",0,TRUE,c(121.4173354, 25.1574157),0
164,大河渥,新北市八里區龍源里28鄰龍米路一段388之18號,新北市八里區龍源里28鄰龍米路一段388之18號2樓,0,OK,"No. 388, Section 1, Longmi Rd, Bali District, New Taipei City, Taiwan 249",ChIJ__Hb-XuvQjQRkz70sx909hw,ROOFTOP,"25.131755,121.4516609",0,TRUE,c(121.4516609, 25.131755),0
165,築禾豐,新北市蘆洲區光華里2鄰中正路77號,新北市蘆洲區光華里2鄰中正路77號,0,OK,"No. 77, Zhongzheng Rd, Luzhou District, New Taipei City, Taiwan 247",ChIJV7e7s8moQjQRI2EAoVEx4E8,ROOFTOP,"25.0831845,121.4702684",0,TRUE,c(121.4702684, 25.0831845),1
166,米蘭文華,新北市樹林區東昇里2鄰中山路二段46之1號,新北市樹林區東昇里2鄰中山路二段46之1號,0,OK,"No. 46, Section 2, Zhongshan Rd, Shulin District, New Taipei City, Taiwan 238",Ek1Oby4gNDYsIFNlY3Rpb24gMiwgWmhvbmdzaGFuIFJkLCBTaHVsaW4gRGlzdHJpY3QsIE5ldyBUYWlwZWkgQ2l0eSwgVGFpd2FuIDIzOCIwEi4KFAoSCcXErygaHWg0EfdSXuoQeroyEC4qFAoSCctGlB8DHWg0EeGA6Uc21zsy,RANGE_INTERPOLATED,"24.984827,121.417027",0,TRUE,c(121.417027, 24.984827),0
167,米蘭苑,新北市樹林區東昇里21鄰大安路541號,新北市樹林區東昇里21鄰大安路541號,0,OK,"No. 541, Da'an Rd, Shulin District, New Taipei City, Taiwan 238",ChIJIc3_FxsdaDQRXpOg5joE_z4,ROOFTOP,"24.9842323,121.412727",0,TRUE,c(121.412727, 24.9842323),0
168,美河市,新北市新店區福民里21鄰中央路153號,新北市新店區福民里21鄰中央路153號6樓,0,OK,"No. 153, Zhongyang Rd, Xindian District, New Taipei City, Taiwan 231",ChIJex8F3hgCaDQRxG9GpSYBIBo,ROOFTOP,"24.9727849,121.5300968",0,TRUE,c(121.5300968, 24.9727849),1
169,翔之譽,新北市中和區瓦里16鄰水源路132巷7號,新北市中和區瓦里16鄰水源路132巷7號,0,OK,"No. 7, Lane 132, Shuiyuan Rd, Zhonghe District, New Taipei City, Taiwan 235",ChIJY17m_dupQjQRZgYrDOlrX7Y,ROOFTOP,"25.0028581,121.5079171",0,TRUE,c(121.5079171, 25.0028581),1
170,翔譽天心,新北市新莊區忠孝里26鄰中正路362號,新北市新莊區忠孝里26鄰中正路362號,0,OK,"No. 362, Zhongzheng Rd, Xinzhuang District, New Taipei City, Taiwan 242",ChIJ-0FExd-nQjQRXjlYr1I3h1A,ROOFTOP,"25.0342884,121.4435575",0,TRUE,c(121.4435575, 25.0342884),0
171,聽樹唱歌,新北市中和區崇南里1鄰四維街30號,新北市中和區崇南里1鄰四維街30號,0,OK,"No. 30, Siwei St, Zhonghe District, New Taipei City, Taiwan 235",ChIJAyQ96nICaDQRlmQE9GfjPt4,ROOFTOP,"24.9871196,121.5127288",0,TRUE,c(121.5127288, 24.9871196),1
172,莫札特,新北市淡水區八勢里3鄰八勢路50巷6號,新北市淡水區八勢里3鄰八勢路50巷6號2樓,0,OK,"No. 6, Lane 50, Bashi Rd, Tamsui District, New Taipei City, Taiwan 251",ChIJpxMQi5OvQjQRp5epNJHSkoE,ROOFTOP,"25.1523637,121.4630477",0,TRUE,c(121.4630477, 25.1523637),1
173,華盛頓,新北市板橋區成和里2鄰莊崑路69號,新北市板橋區成和里2鄰莊崑路69號,0,OK,"No. 69, Zhuangkun Rd, Banqiao District, New Taipei City, Taiwan 220",ChIJtyZ23EUdaDQR4Hi9rCXnsrM,ROOFTOP,"24.9994179,121.4324054",0,TRUE,c(121.4324054, 24.9994179),0
174,觀瀾,新北市三重區開元里003鄰三和路一段21號,新北市三重區開元里003鄰三和路一段21號,0,OK,"No. 21, Section 1, Sanhe Rd, Sanchong District, New Taipei City, Taiwan 241",ChIJ43l32TypQjQRoRih9cvCuCw,ROOFTOP,"25.0648125,121.5036385",0,TRUE,c(121.5036385, 25.0648125),1
175,豐悅城,新北市淡水區八勢里13鄰紅樹林路151號,新北市淡水區八勢里13鄰紅樹林路151號2樓,0,OK,"No. 151號, Hongshulin Rd, Tamsui District, New Taipei City, Taiwan 251",ChIJW1iFGMOvQjQR8ETYjbEpu0A,ROOFTOP,"25.1578739,121.4607956",0,TRUE,c(121.4607956, 25.1578739),1
176,超級城市威尼斯,新北市板橋區新崑路100號,新北市板橋區新崑路100號,0,OK,"No. 100, Xinkun Rd, Banqiao District, New Taipei City, Taiwan 220",ChIJ30Vw6UUdaDQRuDGB_RTdzvU,ROOFTOP,"24.9998013,121.433165",0,TRUE,c(121.433165, 24.9998013),0
177,辰光曜,新北市三重區谷王里13鄰興德路55號,新北市三重區谷王里13鄰興德路55號,0,OK,"No. 55, Xingde Rd, Sanchong District, New Taipei City, Taiwan 241",ChIJISoxE_GoQjQROxaQSzR7oWE,ROOFTOP,"25.0543078,121.4756648",0,TRUE,c(121.4756648, 25.0543078),0
178,迎曦莊園,新北市淡水區福德里18鄰自強路421號,新北市淡水區福德里18鄰自強路421號2樓,0,OK,"No. 421, Ziqiang Rd, Tamsui District, New Taipei City, Taiwan 251",ChIJJdULgXWvQjQRVJqg_IVzSMs,ROOFTOP,"25.1342841,121.465402",0,TRUE,c(121.465402, 25.1342841),0
179,這一站幸福和風館,新北市新莊區立廷里6鄰中平路184巷32號,新北市新莊區立廷里6鄰中平路184巷32號,0,OK,"No. 32, Lane 184, Zhongping Rd, Xinzhuang District, New Taipei City, Taiwan 242",ChIJKcmrMOynQjQRr1J4o6Nmn0k,ROOFTOP,"25.0480389,121.446409",0,TRUE,c(121.446409, 25.0480389),0
180,這一站幸福微風館,新北市新莊區中宏里13鄰中平路152巷47弄28號,新北市新莊區中宏里13鄰中平路152巷47弄28號2樓,0,OK,"No. 28, Alley 47, Lane 152, Zhongping Rd, Xinzhuang District, New Taipei City, Taiwan 242",ChIJ_TgAuXioQjQRfSpuUW77sug,ROOFTOP,"25.0478212,121.4468645",0,TRUE,c(121.4468645, 25.0478212),0
181,這一站幸福聽風館,新北市新莊區中平路184巷29號,新北市新莊區中平路184巷29號,0,OK,"No. 29, Lane 184, Zhongping Rd, Xinzhuang District, New Taipei City, Taiwan 242",Ek9Oby4gMjksIExhbmUgMTg0LCBaaG9uZ3BpbmcgUmQsIFhpbnpodWFuZyBEaXN0cmljdCwgTmV3IFRhaXBlaSBDaXR5LCBUYWl3YW4gMjQyIjASLgoUChIJqyIxu3ioQjQRcTxscGbArHEQHSoUChIJYWgbHtanQjQRLR3OP0V42fU,RANGE_INTERPOLATED,"25.0479723,121.4463341",0,TRUE,c(121.4463341, 25.0479723),0
182,運動時代,新北市新莊區中美里6鄰中港路149號,新北市新莊區中美里6鄰中港路149號,0,OK,"No. 149, Zhonggang Rd, Xinzhuang District, New Taipei City, Taiwan 242",ChIJ6Ts7cHCoQjQR1MJw2aR6GkU,ROOFTOP,"25.0408825,121.455065",0,TRUE,c(121.455065, 25.0408825),0
183,達永.春嶺,新北市中和區景福里36鄰捷運路25號,新北市中和區景福里36鄰捷運路25號,0,OK,"No. 25號, Jieyun Rd, Zhonghe District, New Taipei City, Taiwan 235",ChIJT4Jw7FMDaDQRt6AnnC3QGmw,ROOFTOP,"24.9894617,121.5095401",0,TRUE,c(121.5095401, 24.9894617),1
184,達麗世界灣,新北市淡水區八勢里2鄰中正東路2段143巷8號,新北市淡水區八勢里2鄰中正東路2段143巷8號2樓,0,OK,"No. 143, Section 2, Zhongzheng E Rd, Tamsui District, New Taipei City, Taiwan 251",ChIJqVA7gJqvQjQRA2U0UZshITU,ROOFTOP,"25.1464333,121.4597881",0,TRUE,c(121.4597881, 25.1464333),0
185,遠揚之森,新北市板橋區華東里6鄰遠東路72號,新北市板橋區華東里6鄰遠東路72號2樓,0,OK,"No. 72號, Yuandong Rd, Banqiao District, New Taipei City, Taiwan 220",ChIJNbLYp0cDaDQRXAQhyX-Qt7c,ROOFTOP,"25.0009771,121.4541434",0,TRUE,c(121.4541434, 25.0009771),1
186,遠雄中央公園,新北市新莊區昌平里1鄰中央路100號,新北市新莊區昌平里1鄰中央路100號,0,OK,"No. 100, Zhongyang Rd, Xinzhuang District, New Taipei City, Taiwan 242",ChIJ6R2GfY-oQjQRqLxkWiFAM5Y,ROOFTOP,"25.059095,121.457063",0,TRUE,c(121.457063, 25.059095),1
187,遠雄九五,新北市新莊區中隆里27鄰新北大道三段163號,新北市新莊區中隆里27鄰新北大道三段163號,0,OK,"No. 163號, Section 3, New Taipei Blvd, Xinzhuang District, New Taipei City, Taiwan 242",ChIJjUvMBwapQjQR0v1dZ01z_Gg,ROOFTOP,"25.0600648,121.4519261",0,TRUE,c(121.4519261, 25.0600648),0
188,遠雄和光,新北市中和區中原里7鄰中原二街166號,新北市中和區中原里7鄰中原二街166號,0,OK,"No. 166, Zhongyuan 2nd St, Zhonghe District, New Taipei City, Taiwan 235",EkhOby4gMTY2LCBaaG9uZ3l1YW4gMm5kIFN0LCBaaG9uZ2hlIERpc3RyaWN0LCBOZXcgVGFpcGVpIENpdHksIFRhaXdhbiAyMzUiMRIvChQKEglF5QHwLahCNBE8ICxXXGjVIhCmASoUChIJzQWGvS2oQjQRepxwG_JKuBs,RANGE_INTERPOLATED,"25.0121907,121.4867496",0,TRUE,c(121.4867496, 25.0121907),1
189,遠雄左岸牡丹園,新北市中和區中原里6鄰中原東街90號,新北市中和區中原里6鄰中原東街90號,0,OK,"No. 90, Zhongyuan E St, Zhonghe District, New Taipei City, Taiwan 235",EkVOby4gOTAsIFpob25neXVhbiBFIFN0LCBaaG9uZ2hlIERpc3RyaWN0LCBOZXcgVGFpcGVpIENpdHksIFRhaXdhbiAyMzUiMBIuChQKEgmhHFL2LahCNBFU6OSRplwBRhBaKhQKEgm3YYyMLahCNBE8r7b0XiTONA,RANGE_INTERPOLATED,"25.0127687,121.4872552",0,TRUE,c(121.4872552, 25.0127687),0
190,遠雄左岸彩虹園,新北市中和區中原里5鄰中原街166號,新北市中和區中原里5鄰中原街166號,0,OK,"No. 166, Zhongyuan St, Zhonghe District, New Taipei City, Taiwan 235",ChIJBZGbzCyoQjQRLymyj5rNoK4,ROOFTOP,"25.0128369,121.4844701",0,TRUE,c(121.4844701, 25.0128369),1
191,遠雄左岸玫瑰園,新北市中和區中原里5鄰中原街86號,新北市中和區中原里5鄰中原街86號,0,OK,"No. 86, Zhongyuan St, Zhonghe District, New Taipei City, Taiwan 235",ChIJRXq5-CyoQjQR2MIfLjH4kBI,ROOFTOP,"25.009322,121.4885317",0,TRUE,c(121.4885317, 25.009322),1
192,遠雄左岸錦繡園,新北市中和區中原里5鄰中原五街22號,新北市中和區中原里5鄰中原五街22號,0,OK,"No. 22, Zhongyuan 5th St, Zhonghe District, New Taipei City, Taiwan 235",ChIJkTeqxi2oQjQRwII6T1brv1U,ROOFTOP,"25.0111525,121.4867001",0,TRUE,c(121.4867001, 25.0111525),1
193,遠雄悅河,新北市中和區中原里3鄰中原街28號,新北市中和區中原里3鄰中原街28號,0,OK,"No. 28, Zhongyuan St, Zhonghe District, New Taipei City, Taiwan 235",ChIJbUViwyyoQjQR7A9M3icLYCc,ROOFTOP,"25.0085429,121.490225",0,TRUE,c(121.490225, 25.0085429),1
194,遠雄新宿,新北市新莊區中原里1鄰新北大道四段51號,新北市新莊區中原里1鄰新北大道四段51號3樓,0,OK,"No. 51, Section 4, New Taipei Blvd, Xinzhuang District, New Taipei City, Taiwan 242",ChIJyUt4zIOoQjQRZy-G6W7Yvks,ROOFTOP,"25.059822,121.448637",0,TRUE,c(121.448637, 25.059822),0
195,遠雄米蘭公園,新北市新莊區昌平里1鄰中央路232號,新北市新莊區昌平里1鄰中央路232號3樓,0,OK,"No. 232, Zhongyang Rd, Xinzhuang District, New Taipei City, Taiwan 242",ChIJjZOQuoWoQjQRVvlAppOiVro,ROOFTOP,"25.059223,121.454957",0,TRUE,c(121.454957, 25.059223),0
196,遠雄豐河,新北市中和區中原里4鄰中原街52號,新北市中和區中原里4鄰中原街52號4樓,0,OK,"No. 52, Zhongyuan St, Zhonghe District, New Taipei City, Taiwan 235",EkNOby4gNTIsIFpob25neXVhbiBTdCwgWmhvbmdoZSBEaXN0cmljdCwgTmV3IFRhaXBlaSBDaXR5LCBUYWl3YW4gMjM1IjASLgoUChIJCQjj6SyoQjQRjFmY9dsiUUUQNCoUChIJr_utNNOpQjQRf3hHfdmogCU,RANGE_INTERPOLATED,"25.0085682,121.4896401",0,TRUE,c(121.4896401, 25.0085682),1
197,遠雄錸儷,新北市中和區中原里5鄰中原街126號,新北市中和區中原里5鄰中原街126號,0,OK,"No. 126, Zhongyuan St, Zhonghe District, New Taipei City, Taiwan 235",ChIJi6aV2S2oQjQREFv3y5CAyXQ,ROOFTOP,"25.0110867,121.485882",0,TRUE,c(121.485882, 25.0110867),1
198,鄉林山海滙山滙,新北市淡水區八勢里3鄰八勢路50巷71號,新北市淡水區八勢里3鄰八勢路50巷71號2樓,0,OK,"No. 71號, Lane 50, Bashi Rd, Tamsui District, New Taipei City, Taiwan 251",ChIJQXZApnSvQjQRcBYbmKkRjms,ROOFTOP,"25.1499048,121.4636703",0,TRUE,c(121.4636703, 25.1499048),0
199,鄉林淳詠,新北市蘆洲區中原里9鄰中正路243巷1號,新北市蘆洲區中原里9鄰中正路243巷1號3樓,0,OK,"No. 1, Lane 243, Zhongzheng Rd, Luzhou District, New Taipei City, Taiwan 24758",ChIJWWNg47WoQjQRoiCQY23oR3I,ROOFTOP,"25.0865013,121.4672126",0,TRUE,c(121.4672126, 25.0865013),0
200,金富臻品,新北市永和區中溪里2鄰中山路一段128巷8號,新北市永和區中溪里2鄰中山路一段128巷8號2樓,0,OK,"No. 8號, Lane 128, Zhongshan Rd, Yonghe District, New Taipei City, Taiwan 234",ChIJx0NUYHypQjQRXwtnV6nUhb4,ROOFTOP,"25.010301,121.5100555",0,TRUE,c(121.5100555, 25.010301),0
201,長虹天際,新北市林口區湖南里9鄰文化三路二段278號,新北市林口區湖南里9鄰文化三路二段278號2樓,0,OK,"No. 278, Section 2, Wenhua 3rd Rd, Linkou District, New Taipei City, Taiwan 244",Ek9Oby4gMjc4LCBTZWN0aW9uIDIsIFdlbmh1YSAzcmQgUmQsIExpbmtvdSBEaXN0cmljdCwgTmV3IFRhaXBlaSBDaXR5LCBUYWl3YW4gMjQ0IjESLwoUChIJVbrZg8KmQjQR4D-oSvWDn8MQlgIqFAoSCRE8-WrcpkI0Ec3i2dYK96Iu,RANGE_INTERPOLATED,"25.0829695,121.3769264",0,TRUE,c(121.3769264, 25.0829695),0
202,長虹天馥,新北市三重區民生里19鄰重陽路三段5巷18號,新北市三重區民生里19鄰重陽路三段5巷18號,0,OK,"No. 18, Lane 5, Section 3, Chongyang Rd, Sanchong District, New Taipei City, Taiwan 241",EldOby4gMTgsIExhbmUgNSwgU2VjdGlvbiAzLCBDaG9uZ3lhbmcgUmQsIFNhbmNob25nIERpc3RyaWN0LCBOZXcgVGFpcGVpIENpdHksIFRhaXdhbiAyNDEiMBIuChQKEgmLEGQHIKlCNBG3ZIyGnvqIrxASKhQKEgmPHkPl36hCNBHKhccr7curaw,RANGE_INTERPOLATED,"25.0653338,121.4913932",0,TRUE,c(121.4913932, 25.0653338),0
203,長隆天美,新北市三重區重新里1鄰重新路二段35號,新北市三重區重新里1鄰重新路二段35號,0,OK,"No. 35, Section 2, Chongxin Rd, Sanchong District, New Taipei City, Taiwan 241",ChIJJ8_rthipQjQRWvFZLHhAn5A,ROOFTOP,"25.0622075,121.4973898",0,TRUE,c(121.4973898, 25.0622075),1
204,閱泰然,新北市汐止區自強里10鄰水源路一段168巷6號,新北市汐止區自強里10鄰水源路一段168巷6號2樓,0,OK,"No. 6, Lane 168, Section 1, Shuiyuan Rd, Xizhi District, New Taipei City, Taiwan 221",ElROby4gNiwgTGFuZSAxNjgsIFNlY3Rpb24gMSwgU2h1aXl1YW4gUmQsIFhpemhpIERpc3RyaWN0LCBOZXcgVGFpcGVpIENpdHksIFRhaXdhbiAyMjEiMBIuChQKEgmlGodtaVNdNBFtZTbU5Jb0KRAGKhQKEgkb1UxqaVNdNBG9l7zn_BPp-A,RANGE_INTERPOLATED,"25.0621882,121.654649",0,TRUE,c(121.654649, 25.0621882),0
205,隱馥玉,新北市汐止區中興里22鄰中興路179之5號,新北市汐止區中興里22鄰中興路179之5號,0,OK,"No. 179, Zhongxing Rd, Xizhi District, New Taipei City, Taiwan 221",ChIJH7OD_ExTXTQR32rskrxn2Qk,ROOFTOP,"25.0666642,121.6304996",0,TRUE,c(121.6304996, 25.0666642),0
206,雅璞心向,新北市中和區秀士里17鄰景平路113號,新北市中和區秀士里17鄰景平路113號,0,OK,"No. 113-119號, Jingping Rd, Zhonghe District, New Taipei City, Taiwan 235",ChIJD-PxBQsCaDQR5kkCBCo3A3Q,ROOFTOP,"24.9918715,121.5165946",0,TRUE,c(121.5165946, 24.9918715),1
207,雅藏,新北市新店區大豐里21鄰二十張路105巷30號,新北市新店區大豐里21鄰二十張路105巷30號2樓,0,OK,"No. 30, Lane 105, Ershizhang Rd, Xindian District, New Taipei City, Taiwan 231",Ek5Oby4gMzAsIExhbmUgMTA1LCBFcnNoaXpoYW5nIFJkLCBYaW5kaWFuIERpc3RyaWN0LCBOZXcgVGFpcGVpIENpdHksIFRhaXdhbiAyMzEiMBIuChQKEglPTOvi9wFoNBHV2-WAMvJ2NBAeKhQKEglrTof99wFoNBGow2tK8rjI8w,RANGE_INTERPOLATED,"24.9789477,121.5369698",0,TRUE,c(121.5369698, 24.9789477),0
208,頤海大院,新北市淡水區八勢里1鄰中正東路二段165號,新北市淡水區八勢里1鄰中正東路二段165號2樓,0,OK,"No. 165-167號, Section 2, Zhongzheng E Rd, Tamsui District, New Taipei City, Taiwan 251",ChIJ4ztuZ5qvQjQR5WJSbUDmUDo,ROOFTOP,"25.145065,121.460388",0,TRUE,c(121.460388, 25.145065),0
209,風和樹,新北市板橋區忠翠里2鄰雙十路二段25號,新北市板橋區忠翠里2鄰雙十路二段25號2樓,0,OK,"No. 25, Section 2, Shuangshi Rd, Banqiao District, New Taipei City, Taiwan 220",ChIJy-G5gDioQjQRYP5oS2_s3ic,ROOFTOP,"25.025453,121.4768314",0,TRUE,c(121.4768314, 25.025453),0
210,香榭京宴,新北市板橋區純翠里2鄰民生路3段172號,新北市板橋區純翠里2鄰民生路3段172號2樓,0,OK,"No. 172, Section 3, Minsheng Rd, Banqiao District, New Taipei City, Taiwan 220",ChIJY3cNKGuoQjQR0GzDaoAXUKU,ROOFTOP,"25.0291137,121.4655585",0,TRUE,c(121.4655585, 25.0291137),1
211,香榭麗池,新北市中和區壽南里3鄰南山路258號,新北市中和區壽南里3鄰南山路258號,0,OK,"3 邻, No. 258, Nanshan Rd, Zhonghe District, New Taipei City, Taiwan 235",EkkzIOmCuywgTm8uIDI1OCwgTmFuc2hhbiBSZCwgWmhvbmdoZSBEaXN0cmljdCwgTmV3IFRhaXBlaSBDaXR5LCBUYWl3YW4gMjM1IiEaHwoWChQKEgm7vyGScQJoNBGTdp05Jk9VERIFMyDpgrs,ROOFTOP,"24.988292,121.507642",0,TRUE,c(121.507642, 24.988292),1
212,馥人灣二樹區,新北市淡水區八勢里3鄰八勢路2巷6號,新北市淡水區八勢里3鄰八勢路2巷6號2樓,0,OK,"No. 6, Lane 2, Bashi Rd, Tamsui District, New Taipei City, Taiwan 251",EkVOby4gNiwgTGFuZSAyLCBCYXNoaSBSZCwgVGFtc3VpIERpc3RyaWN0LCBOZXcgVGFpcGVpIENpdHksIFRhaXdhbiAyNTEiMBIuChQKEgl_rzfHk69CNBGGHIFsFnZcFBAGKhQKEgkz_fCzk69CNBHYE5eEZNZmHg,RANGE_INTERPOLATED,"25.1527351,121.4615809",0,TRUE,c(121.4615809, 25.1527351),1
213,鼎隆江晏,新北市新店區廣明里9鄰光明街138巷8號,新北市新店區廣明里9鄰光明街138巷8號,0,OK,"No. 8, Lane 138, Guangming St, Xindian District, New Taipei City, Taiwan 231",ChIJV9FGqIkBaDQRMdS-s5KEMds,ROOFTOP,"24.961098,121.539753",0,TRUE,c(121.539753, 24.961098),1
214,君泰,新北市新莊區雙鳳里25鄰雙鳳路77巷2號,新北市新莊區雙鳳里25鄰雙鳳路77巷2號,0,OK,"No. 2號, Lane 77, Shuangfeng Rd, Xinzhuang District, New Taipei City, Taiwan 242",ChIJh4G7cNinQjQRJExTuGJCtbM,ROOFTOP,"25.0273481,121.4140581",0,TRUE,c(121.4140581, 25.0273481),0
215,翔譽A+,新北市三重區成功里14鄰成功路96號,新北市三重區成功里14鄰成功路96號,0,OK,"No. 96, Cheng Gong Rd, Sanchong District, New Taipei City, Taiwan 241",ChIJLcfrSPyoQjQRe53lN2Zw-Us,ROOFTOP,"25.0512279,121.487855",0,TRUE,c(121.487855, 25.0512279),0
216,麗園,新北市汐止區大同路二段446號,新北市汐止區大同路二段446號,0,OK,"No. 446, Section 2, Datong Rd, Xizhi District, New Taipei City, Taiwan 221",ChIJC2yP1WxTXTQRr2huNMkeZvg,ROOFTOP,"25.0672798,121.6596513",0,TRUE,c(121.6596513, 25.0672798),0
217,映象太和,新北市中和區建康路178號,新北市中和區建康路178號3樓,0,OK,"No. 178, Jiankang Rd, Zhonghe District, New Taipei City, Taiwan 235",ChIJhZLkC4ACaDQRD4O3c7cvxGU,ROOFTOP,"25.0001696,121.4910477",0,TRUE,c(121.4910477, 25.0001696),0
218,葳格博閱,新北市汐止區北峰里001鄰康寧街357號,新北市汐止區北峰里001鄰康寧街357號,0,OK,"No. 357, Kangning St, Xizhi District, New Taipei City, Taiwan 221",ChIJJ04YzUxTXTQR8Kdhs71a91o,ROOFTOP,"25.0677245,121.6284082",0,TRUE,c(121.6284082, 25.0677245),0
219,蒲陽雙和,新北市中和區漳和里15鄰中和路142號,新北市中和區漳和里15鄰中和路142號,0,OK,"No. 142-160號, Zhonghe Rd, Zhonghe District, New Taipei City, Taiwan 235",ChIJySt7FdipQjQRbSNsQeAVqu4,ROOFTOP,"24.9994051,121.5040332",0,TRUE,c(121.5040332, 24.9994051),0
220,禾悅,新北市新莊區頭前里14鄰中原東路69號,新北市新莊區頭前里14鄰中原東路69號,0,OK,"No. 69, Zhongyuan E Rd, Xinzhuang District, New Taipei City, Taiwan 242",ChIJnT864YuoQjQRAa9PpXYuqek,ROOFTOP,"25.0543851,121.4630638",0,TRUE,c(121.4630638, 25.0543851),0
221,禾悅,新北市新莊區頭前里14鄰中原東路89巷1號,新北市新莊區頭前里14鄰中原東路89巷1號,0,OK,"No. 1, Lane 89, Zhongyuan E Rd, Xinzhuang District, New Taipei City, Taiwan 242",ChIJVZ2NYImoQjQR9uVMxKP2BdM,ROOFTOP,"25.0541953,121.462704",0,TRUE,c(121.462704, 25.0541953),0
222,昇陽之冠,新北市中和區員山里20鄰中山路三段114巷56號,新北市中和區員山里20鄰中山路三段114巷56號,0,OK,"No. 56, Lane 114, Section 3, Zhongshan Rd, Zhonghe District, New Taipei City, Taiwan 235",ChIJSRZX4CaoQjQR9rgyKMYJTkk,ROOFTOP,"25.0074616,121.4760124",0,TRUE,c(121.4760124, 25.0074616),0
223,遠雄左岸紫金園,新北市中和區中原里6鄰中原二街115號,新北市中和區中原里6鄰中原二街115號,0,OK,"No. 115, Zhongyuan 2nd St, Zhonghe District, New Taipei City, Taiwan 235",ChIJC-_9GWypQjQRL-nLzBnG3Jc,ROOFTOP,"25.0124281,121.4857395",0,TRUE,c(121.4857395, 25.0124281),1
224,微笑莊園,新北市淡水區崁頂里3鄰濱海路一段125號,新北市淡水區崁頂里3鄰濱海路一段125號,0,OK,"No. 125, Section 1, Binhai Rd, Tamsui District, New Taipei City, Taiwan 251",ChIJz5xfoK66QjQRXrkV6yQW0Qc,ROOFTOP,"25.1892719,121.4389482",0,TRUE,c(121.4389482, 25.1892719),0
225,忠泰和,新北市永和區保順里21鄰仁愛路282巷1號,新北市永和區保順里21鄰仁愛路282巷1號,0,OK,"No. 1, Lane 282, Ren'ai Rd, Yonghe District, New Taipei City, Taiwan 234",ChIJR1dgq9qpQjQRBU3lfcnEg_E,ROOFTOP,"25.0088528,121.5030874",0,TRUE,c(121.5030874, 25.0088528),0
226,新北郡,新北市林口區湖南里1鄰中山路496號,新北市林口區湖南里1鄰中山路496號,0,OK,"244, Taiwan, New Taipei City, Linkou District, 中山路496號",Ej4yNDQsIFRhaXdhbiwgTmV3IFRhaXBlaSBDaXR5LCBMaW5rb3UgRGlzdHJpY3QsIOS4reWxsei3rzQ5NuiZnyIxEi8KFAoSCb1kEE3opkI0EaLbxyfu8MJoEPADKhQKEgkxZX727qZCNBG_DV6Q07vIaw,RANGE_INTERPOLATED,"25.0829463,121.3796752",0,TRUE,c(121.3796752, 25.0829463),0
227,新巨蛋,臺北縣板橋市華江里17鄰文化路一段360號,臺北縣板橋市華江里17鄰文化路一段360號地下2樓,0,OK,"No. 360, Section 1, Wenhua Rd, Banqiao District, New Taipei City, Taiwan 220",ChIJ5UT8IT6oQjQRMaw8U9wNJX4,ROOFTOP,"25.0234783,121.4688309",0,TRUE,c(121.4688309, 25.0234783),1
228,星悦大隱,新北市林口區中湖里13鄰中北三街205號,新北市林口區中湖里13鄰中北三街205號,0,OK,"No. 187~205號, Zhongbei 3rd St, Linkou District, New Taipei City, Taiwan 244",ChIJ3WpS0-imQjQR7MJFI9DgzbA,ROOFTOP,"25.0819192,121.382734",0,TRUE,c(121.382734, 25.0819192),0
229,春木日和,新北市林口區南勢里16鄰文明街138巷31號,新北市林口區南勢里16鄰文明街138巷31號,0,OK,"No. 31號, Lane 138, Wenming Street, Linkou District, New Taipei City, Taiwan 244",ChIJgRyOQ6ynQjQRr0jl0ykC_Ko,ROOFTOP,"25.0718248,121.3609115",0,TRUE,c(121.3609115, 25.0718248),0
230,景安之丘,新北市中和區明禮街11巷8號,新北市中和區明禮街11巷8號,0,OK,"No. 8, Lane 11, Mingli St, Zhonghe District, New Taipei City, Taiwan 235",ChIJR35ddXcCaDQRxtJxUimACGM,ROOFTOP,"24.9954128,121.5040793",0,TRUE,c(121.5040793, 24.9954128),1
231,榮馥大院,新北市新莊區中平里23鄰中平路292巷1弄12號,新北市新莊區中平里23鄰中平路292巷1弄12號二樓,0,OK,"No. 12號, Alley 1, Lane 292, Zhongping Rd, Xinzhuang District, New Taipei City, Taiwan 242",ChIJ16F8stepQjQRtXxPfBGQQqo,ROOFTOP,"25.0522018,121.4460156",0,TRUE,c(121.4460156, 25.0522018),0
232,樂河郡-豐耘,新北市三峽區龍埔里10鄰民生街1巷1之67號,新北市三峽區龍埔里10鄰民生街1巷1之67號2樓,0,OK,"No. 1之53號, Ln 1, Minsheng St, Sanxia District, New Taipei City, Taiwan 237",ChIJCcS_0AAbaDQRl51rrn8Oxy0,ROOFTOP,"24.935173,121.3778605",0,TRUE,c(121.3778605, 24.935173),0
233,櫻花學品學區,新北市三峽區中埔里10鄰弘園街48號,新北市三峽區中埔里10鄰弘園街48號2樓,0,OK,"No. 48號, Hongyuan St, Sanxia District, New Taipei City, Taiwan 237",ChIJ9S6XvQ4baDQRW68CoUtm_nE,ROOFTOP,"24.927074,121.3657626",0,TRUE,c(121.3657626, 24.927074),0
234,水立方,新北市淡水區竿蓁里22鄰淡金路27號,新北市淡水區竿蓁里22鄰淡金路27號,0,OK,"No. 27, Danjin Rd, Tamsui District, New Taipei City, Taiwan 251",ChIJZ_oZiPKvQjQRswDB3oA_Hdg,ROOFTOP,"25.1605344,121.4562616",0,TRUE,c(121.4562616, 25.1605344),0
235,福德ONE,新北市汐止區福德里005鄰福德一路188號,新北市汐止區福德里005鄰福德一路188號,0,OK,"No. 188, Fude 1st Rd, Xizhi District, New Taipei City, Taiwan 221",ChIJt8fhjE5TXTQRo_tiCEXJP_Y,ROOFTOP,"25.0657843,121.6353368",0,TRUE,c(121.6353368, 25.0657843),0
236,美麗殿,新北市新店區五里1鄰北新路一段126巷21號,新北市新店區五里1鄰北新路一段126巷21號3樓,0,OK,"No. 21-27號, Lane 126, Section 1, Beixin Rd, Xindian District, New Taipei City, Taiwan 231",ChIJjePym9ABaDQR3GKIjAglW08,ROOFTOP,"24.9696905,121.5428672",0,TRUE,c(121.5428672, 24.9696905),1
237,藏新幸福,新北市新莊區化成里15鄰幸福東路95號,新北市新莊區化成里15鄰幸福東路95號,0,OK,"No. 95號, Xingfu E Rd, Xinzhuang District, New Taipei City, Taiwan 242",ChIJMy_lgyCpQjQRqIg-NBVUJ0Y,ROOFTOP,"25.049275,121.4619131",0,TRUE,c(121.4619131, 25.049275),1
238,達永沐夏,新北市中和區華新里6鄰工專路66號,新北市中和區華新里6鄰工專路66號2樓,0,OK,"No. 66, Gongzhuan Rd, Zhonghe District, New Taipei City, Taiwan 235",ChIJt-TmZWkCaDQR07RxA_mIQBE,ROOFTOP,"24.9795888,121.5078711",0,TRUE,c(121.5078711, 24.9795888),0
